ENTIDAD,NOM_ENT,MUN,NOM_MUN,POBTOT
1,Aguascalientes,1,Aguascalientes,948990
1,Aguascalientes,2,Asientos,51536
1,Aguascalientes,3,Calvillo,58250
1,Aguascalientes,4,Cosío,17000
1,Aguascalientes,5,Jesús María,129929
1,Aguascalientes,6,Pabellón de Arteaga,47646
1,Aguascalientes,7,Rincón de Romos,57369
1,Aguascalientes,8,San José de Gracia,9552
1,Aguascalientes,9,Tepezalá,22485
1,Aguascalientes,10,El Llano,20853
1,Aguascalientes,11,San Francisco de los Romo,61997
2,Baja California,1,Ensenada,443807
2,Baja California,2,Mexicali,1049792
2,Baja California,3,Tecate,108440
2,Baja California,4,Tijuana,1922523
2,Baja California,5,Playas de Rosarito,126890
2,Baja California,6,San Quintín,117568
3,Baja California Sur,1,Comondú,73021
3,Baja California Sur,2,Mulegé,64022
3,Baja California Sur,3,La Paz,292241
3,Baja California Sur,8,Los Cabos,351111
3,Baja California Sur,9,Loreto,18052
4,Campeche,1,Calkiní,59232
4,Campeche,2,Campeche,294077
4,Campeche,3,Carmen,248845
4,Campeche,4,Champotón,78170
4,Campeche,5,Hecelchakán,31917
4,Campeche,6,Hopelchén,42140
4,Campeche,7,Palizada,8683
4,Campeche,8,Tenabo,11452
4,Campeche,9,Escárcega,59923
4,Campeche,10,Calakmul,31714
4,Campeche,11,Candelaria,46913
4,Campeche,12,Seybaplaya,15297
5,Coahuila de Zaragoza,1,Abasolo,1022
5,Coahuila de Zaragoza,2,Acuña,163058
5,Coahuila de Zaragoza,3,Allende,23056
5,Coahuila de Zaragoza,4,Arteaga,29578
5,Coahuila de Zaragoza,5,Candela,1643
5,Coahuila de Zaragoza,6,Castaños,29128
5,Coahuila de Zaragoza,7,Cuatro Ciénegas,12715
5,Coahuila de Zaragoza,8,Escobedo,3047
5,Coahuila de Zaragoza,9,Francisco I. Madero,59035
5,Coahuila de Zaragoza,10,Frontera,82409
5,Coahuila de Zaragoza,11,General Cepeda,11898
5,Coahuila de Zaragoza,12,Guerrero,1643
5,Coahuila de Zaragoza,13,Hidalgo,1735
5,Coahuila de Zaragoza,14,Jiménez,9502
5,Coahuila de Zaragoza,15,Juárez,1584
5,Coahuila de Zaragoza,16,Lamadrid,1764
5,Coahuila de Zaragoza,17,Matamoros,118337
5,Coahuila de Zaragoza,18,Monclova,237951
5,Coahuila de Zaragoza,19,Morelos,7928
5,Coahuila de Zaragoza,20,Múzquiz,71627
5,Coahuila de Zaragoza,21,Nadadores,6539
5,Coahuila de Zaragoza,22,Nava,33129
5,Coahuila de Zaragoza,23,Ocampo,9642
5,Coahuila de Zaragoza,24,Parras,44472
5,Coahuila de Zaragoza,25,Piedras Negras,176327
5,Coahuila de Zaragoza,26,Progreso,3239
5,Coahuila de Zaragoza,27,Ramos Arizpe,122243
5,Coahuila de Zaragoza,28,Sabinas,64811
5,Coahuila de Zaragoza,29,Sacramento,2471
5,Coahuila de Zaragoza,30,Saltillo,879958
5,Coahuila de Zaragoza,31,San Buenaventura,24759
5,Coahuila de Zaragoza,32,San Juan de Sabinas,42260
5,Coahuila de Zaragoza,33,San Pedro,101041
5,Coahuila de Zaragoza,34,Sierra Mojada,6744
5,Coahuila de Zaragoza,35,Torreón,720848
5,Coahuila de Zaragoza,36,Viesca,20305
5,Coahuila de Zaragoza,37,Villa Unión,6188
5,Coahuila de Zaragoza,38,Zaragoza,13135
6,Colima,1,Armería,27626
6,Colima,2,Colima,157048
6,Colima,3,Comala,21661
6,Colima,4,Coquimatlán,20837
6,Colima,5,Cuauhtémoc,31267
6,Colima,6,Ixtlahuacán,5623
6,Colima,7,Manzanillo,191031
6,Colima,8,Minatitlán,10231
6,Colima,9,Tecomán,116305
6,Colima,10,Villa de Álvarez,149762
7,Chiapas,1,Acacoyagua,17994
7,Chiapas,2,Acala,21187
7,Chiapas,3,Acapetahua,26899
7,Chiapas,4,Altamirano,36160
7,Chiapas,5,Amatán,24512
7,Chiapas,6,Amatenango de la Frontera,31735
7,Chiapas,7,Amatenango del Valle,11283
7,Chiapas,8,Angel Albino Corzo,31947
7,Chiapas,9,Arriaga,41135
7,Chiapas,10,Bejucal de Ocampo,7365
7,Chiapas,11,Bella Vista,20157
7,Chiapas,12,Berriozábal,64632
7,Chiapas,13,Bochil,37263
7,Chiapas,14,El Bosque,24273
7,Chiapas,15,Cacahoatán,50112
7,Chiapas,16,Catazajá,17619
7,Chiapas,17,Cintalapa,88106
7,Chiapas,18,Coapilla,9900
7,Chiapas,19,Comitán de Domínguez,166178
7,Chiapas,20,La Concordia,49920
7,Chiapas,21,Copainalá,22192
7,Chiapas,22,Chalchihuitán,21915
7,Chiapas,23,Chamula,101967
7,Chiapas,24,Chanal,13678
7,Chiapas,25,Chapultenango,7472
7,Chiapas,26,Chenalhó,47371
7,Chiapas,27,Chiapa de Corzo,112075
7,Chiapas,28,Chiapilla,6156
7,Chiapas,29,Chicoasén,5402
7,Chiapas,30,Chicomuselo,36785
7,Chiapas,31,Chilón,137262
7,Chiapas,32,Escuintla,30896
7,Chiapas,33,Francisco León,7245
7,Chiapas,34,Frontera Comalapa,80897
7,Chiapas,35,Frontera Hidalgo,14556
7,Chiapas,36,La Grandeza,7701
7,Chiapas,37,Huehuetán,36333
7,Chiapas,38,Huixtán,22975
7,Chiapas,39,Huitiupán,27893
7,Chiapas,40,Huixtla,53242
7,Chiapas,41,La Independencia,46409
7,Chiapas,42,Ixhuatán,11377
7,Chiapas,43,Ixtacomitán,10961
7,Chiapas,44,Ixtapa,28999
7,Chiapas,45,Ixtapangajoya,6284
7,Chiapas,46,Jiquipilas,41063
7,Chiapas,47,Jitotol,24966
7,Chiapas,48,Juárez,21807
7,Chiapas,49,Larráinzar,31259
7,Chiapas,50,La Libertad,5232
7,Chiapas,51,Mapastepec,46130
7,Chiapas,52,Las Margaritas,141027
7,Chiapas,53,Mazapa de Madero,7901
7,Chiapas,54,Mazatán,28250
7,Chiapas,55,Metapa,5876
7,Chiapas,56,Mitontic,13755
7,Chiapas,57,Motozintla,76398
7,Chiapas,58,Nicolás Ruíz,4765
7,Chiapas,59,Ocosingo,234661
7,Chiapas,60,Ocotepec,14088
7,Chiapas,61,Ocozocoautla de Espinosa,97397
7,Chiapas,62,Ostuacán,18469
7,Chiapas,63,Osumacinta,3983
7,Chiapas,64,Oxchuc,54932
7,Chiapas,65,Palenque,132265
7,Chiapas,66,Pantelhó,26391
7,Chiapas,67,Pantepec,12266
7,Chiapas,68,Pichucalco,31919
7,Chiapas,69,Pijijiapan,51193
7,Chiapas,70,El Porvenir,12263
7,Chiapas,71,Villa Comaltitlán,30297
7,Chiapas,72,Pueblo Nuevo Solistahuacán,29636
7,Chiapas,73,Rayón,10866
7,Chiapas,74,Reforma,44829
7,Chiapas,75,Las Rosas,28829
7,Chiapas,76,Sabanilla,29889
7,Chiapas,77,Salto de Agua,64251
7,Chiapas,78,San Cristóbal de las Casas,215874
7,Chiapas,79,San Fernando,41793
7,Chiapas,80,Siltepec,25937
7,Chiapas,81,Simojovel,52935
7,Chiapas,82,Sitalá,15518
7,Chiapas,83,Socoltenango,19092
7,Chiapas,84,Solosuchiapa,8561
7,Chiapas,85,Soyaló,10890
7,Chiapas,86,Suchiapa,25627
7,Chiapas,87,Suchiate,41672
7,Chiapas,88,Sunuapa,2308
7,Chiapas,89,Tapachula,353706
7,Chiapas,90,Tapalapa,4547
7,Chiapas,91,Tapilula,13592
7,Chiapas,92,Tecpatán,21426
7,Chiapas,93,Tenejapa,48162
7,Chiapas,94,Teopisca,49499
7,Chiapas,96,Tila,83505
7,Chiapas,97,Tonalá,91913
7,Chiapas,98,Totolapa,7211
7,Chiapas,99,La Trinitaria,83111
7,Chiapas,100,Tumbalá,38025
7,Chiapas,101,Tuxtla Gutiérrez,604147
7,Chiapas,102,Tuxtla Chico,41024
7,Chiapas,103,Tuzantán,30302
7,Chiapas,104,Tzimol,16560
7,Chiapas,105,Unión Juárez,16008
7,Chiapas,106,Venustiano Carranza,67292
7,Chiapas,107,Villa Corzo,65643
7,Chiapas,108,Villaflores,109536
7,Chiapas,109,Yajalón,40285
7,Chiapas,110,San Lucas,7526
7,Chiapas,111,Zinacantán,45373
7,Chiapas,112,San Juan Cancuc,37948
7,Chiapas,113,Aldama,8480
7,Chiapas,114,Benemérito de las Américas,23603
7,Chiapas,115,Maravilla Tenejapa,14714
7,Chiapas,116,Marqués de Comillas,12892
7,Chiapas,117,Montecristo de Guerrero,8412
7,Chiapas,118,San Andrés Duraznal,6047
7,Chiapas,119,Santiago el Pinar,4959
7,Chiapas,120,Capitán Luis Ángel Vidal,4315
7,Chiapas,121,Rincón Chamula San Pedro,8718
7,Chiapas,122,El Parral,15587
7,Chiapas,123,Emiliano Zapata,10783
7,Chiapas,124,Mezcalapa,23847
7,Chiapas,125,Honduras de la Sierra,11650
8,Chihuahua,1,Ahumada,14635
8,Chihuahua,2,Aldama,26047
8,Chihuahua,3,Allende,8487
8,Chihuahua,4,Aquiles Serdán,24344
8,Chihuahua,5,Ascensión,26093
8,Chihuahua,6,Bachíniva,5807
8,Chihuahua,7,Balleza,16440
8,Chihuahua,8,Batopilas de Manuel Gómez Morín,11270
8,Chihuahua,9,Bocoyna,23351
8,Chihuahua,10,Buenaventura,25146
8,Chihuahua,11,Camargo,49499
8,Chihuahua,12,Carichí,8113
8,Chihuahua,13,Casas Grandes,11815
8,Chihuahua,14,Coronado,2034
8,Chihuahua,15,Coyame del Sotol,1230
8,Chihuahua,16,La Cruz,3704
8,Chihuahua,17,Cuauhtémoc,180638
8,Chihuahua,18,Cusihuiriachi,5099
8,Chihuahua,19,Chihuahua,937674
8,Chihuahua,20,Chínipas,6222
8,Chihuahua,21,Delicias,150506
8,Chihuahua,22,Dr. Belisario Domínguez,2456
8,Chihuahua,23,Galeana,6656
8,Chihuahua,24,Santa Isabel,3791
8,Chihuahua,25,Gómez Farías,7023
8,Chihuahua,26,Gran Morelos,2448
8,Chihuahua,27,Guachochi,50180
8,Chihuahua,28,Guadalupe,4237
8,Chihuahua,29,Guadalupe y Calvo,50514
8,Chihuahua,30,Guazapares,8196
8,Chihuahua,31,Guerrero,35473
8,Chihuahua,32,Hidalgo del Parral,116662
8,Chihuahua,33,Huejotitán,824
8,Chihuahua,34,Ignacio Zaragoza,5196
8,Chihuahua,35,Janos,11005
8,Chihuahua,36,Jiménez,40859
8,Chihuahua,37,Juárez,1512450
8,Chihuahua,38,Julimes,4980
8,Chihuahua,39,López,4122
8,Chihuahua,40,Madera,25144
8,Chihuahua,41,Maguarichi,1302
8,Chihuahua,42,Manuel Benavides,1178
8,Chihuahua,43,Matachí,2742
8,Chihuahua,44,Matamoros,4314
8,Chihuahua,45,Meoqui,44853
8,Chihuahua,46,Morelos,7266
8,Chihuahua,47,Moris,4447
8,Chihuahua,48,Namiquipa,22712
8,Chihuahua,49,Nonoava,2757
8,Chihuahua,50,Nuevo Casas Grandes,65753
8,Chihuahua,51,Ocampo,8127
8,Chihuahua,52,Ojinaga,24534
8,Chihuahua,53,Praxedis G. Guerrero,5111
8,Chihuahua,54,Riva Palacio,7695
8,Chihuahua,55,Rosales,16776
8,Chihuahua,56,Rosario,2079
8,Chihuahua,57,San Francisco de Borja,2197
8,Chihuahua,58,San Francisco de Conchos,2696
8,Chihuahua,59,San Francisco del Oro,5004
8,Chihuahua,60,Santa Bárbara,11582
8,Chihuahua,61,Satevó,3414
8,Chihuahua,62,Saucillo,29862
8,Chihuahua,63,Temósachic,5320
8,Chihuahua,64,El Tule,1448
8,Chihuahua,65,Urique,17043
8,Chihuahua,66,Uruachi,6512
8,Chihuahua,67,Valle de Zaragoza,4775
9,Ciudad de México,2,Azcapotzalco,432205
9,Ciudad de México,3,Coyoacán,614447
9,Ciudad de México,4,Cuajimalpa de Morelos,217686
9,Ciudad de México,5,Gustavo A. Madero,1173351
9,Ciudad de México,6,Iztacalco,404695
9,Ciudad de México,7,Iztapalapa,1835486
9,Ciudad de México,8,La Magdalena Contreras,247622
9,Ciudad de México,9,Milpa Alta,152685
9,Ciudad de México,10,Álvaro Obregón,759137
9,Ciudad de México,11,Tláhuac,392313
9,Ciudad de México,12,Tlalpan,699928
9,Ciudad de México,13,Xochimilco,442178
9,Ciudad de México,14,Benito Juárez,434153
9,Ciudad de México,15,Cuauhtémoc,545884
9,Ciudad de México,16,Miguel Hidalgo,414470
9,Ciudad de México,17,Venustiano Carranza,443704
10,Durango,1,Canatlán,31454
10,Durango,2,Canelas,4321
10,Durango,3,Coneto de Comonfort,4084
10,Durango,4,Cuencamé,34955
10,Durango,5,Durango,688697
10,Durango,6,General Simón Bolívar,10038
10,Durango,7,Gómez Palacio,372750
10,Durango,8,Guadalupe Victoria,36695
10,Durango,9,Guanaceví,9869
10,Durango,10,Hidalgo,3843
10,Durango,11,Indé,4748
10,Durango,12,Lerdo,163313
10,Durango,13,Mapimí,26932
10,Durango,14,Mezquital,48583
10,Durango,15,Nazas,12894
10,Durango,16,Nombre de Dios,19060
10,Durango,17,Ocampo,8003
10,Durango,18,El Oro,10384
10,Durango,19,Otáez,4924
10,Durango,20,Pánuco de Coronado,12656
10,Durango,21,Peñón Blanco,11118
10,Durango,22,Poanas,25623
10,Durango,23,Pueblo Nuevo,51269
10,Durango,24,Rodeo,12818
10,Durango,25,San Bernardo,2837
10,Durango,26,San Dimas,17333
10,Durango,27,San Juan de Guadalupe,5251
10,Durango,28,San Juan del Río,12013
10,Durango,29,San Luis del Cordero,2103
10,Durango,30,San Pedro del Gallo,1633
10,Durango,31,Santa Clara,6727
10,Durango,32,Santiago Papasquiaro,49207
10,Durango,33,Súchil,6917
10,Durango,34,Tamazula,26300
10,Durango,35,Tepehuanes,11378
10,Durango,36,Tlahualilo,21143
10,Durango,37,Topia,9320
10,Durango,38,Vicente Guerrero,23476
10,Durango,39,Nuevo Ideal,27981
11,Guanajuato,1,Abasolo,92040
11,Guanajuato,2,Acámbaro,108697
11,Guanajuato,3,San Miguel de Allende,174615
11,Guanajuato,4,Apaseo el Alto,63392
11,Guanajuato,5,Apaseo el Grande,117883
11,Guanajuato,6,Atarjea,5296
11,Guanajuato,7,Celaya,521169
11,Guanajuato,8,Manuel Doblado,41240
11,Guanajuato,9,Comonfort,82216
11,Guanajuato,10,Coroneo,11083
11,Guanajuato,11,Cortazar,97928
11,Guanajuato,12,Cuerámaro,30857
11,Guanajuato,13,Doctor Mora,27390
11,Guanajuato,14,Dolores Hidalgo Cuna de la Independencia Nacional,163038
11,Guanajuato,15,Guanajuato,194500
11,Guanajuato,16,Huanímaro,21128
11,Guanajuato,17,Irapuato,592953
11,Guanajuato,18,Jaral del Progreso,38782
11,Guanajuato,19,Jerécuaro,49517
11,Guanajuato,20,León,1721215
11,Guanajuato,21,Moroleón,47261
11,Guanajuato,22,Ocampo,26383
11,Guanajuato,23,Pénjamo,154960
11,Guanajuato,24,Pueblo Nuevo,12403
11,Guanajuato,25,Purísima del Rincón,83842
11,Guanajuato,26,Romita,65766
11,Guanajuato,27,Salamanca,273417
11,Guanajuato,28,Salvatierra,94126
11,Guanajuato,29,San Diego de la Unión,41054
11,Guanajuato,30,San Felipe,119793
11,Guanajuato,31,San Francisco del Rincón,130871
11,Guanajuato,32,San José Iturbide,89558
11,Guanajuato,33,San Luis de la Paz,128536
11,Guanajuato,34,Santa Catarina,5723
11,Guanajuato,35,Santa Cruz de Juventino Rosas,82340
11,Guanajuato,36,Santiago Maravatío,6714
11,Guanajuato,37,Silao de la Victoria,203556
11,Guanajuato,38,Tarandacuao,11304
11,Guanajuato,39,Tarimoro,35905
11,Guanajuato,40,Tierra Blanca,20007
11,Guanajuato,41,Uriangato,61494
11,Guanajuato,42,Valle de Santiago,150054
11,Guanajuato,43,Victoria,21253
11,Guanajuato,44,Villagrán,65791
11,Guanajuato,45,Xichú,11143
11,Guanajuato,46,Yuriria,68741
12,Guerrero,1,Acapulco de Juárez,779566
12,Guerrero,2,Ahuacuotzingo,25205
12,Guerrero,3,Ajuchitlán del Progreso,37655
12,Guerrero,4,Alcozauca de Guerrero,21225
12,Guerrero,5,Alpoyeca,7813
12,Guerrero,6,Apaxtla,11112
12,Guerrero,7,Arcelia,33267
12,Guerrero,8,Atenango del Río,9147
12,Guerrero,9,Atlamajalcingo del Monte,5811
12,Guerrero,10,Atlixtac,28491
12,Guerrero,11,Atoyac de Álvarez,60680
12,Guerrero,12,Ayutla de los Libres,69123
12,Guerrero,13,Azoyú,15099
12,Guerrero,14,Benito Juárez,15442
12,Guerrero,15,Buenavista de Cuéllar,12982
12,Guerrero,16,Coahuayutla de José María Izazaga,12408
12,Guerrero,17,Cocula,15579
12,Guerrero,18,Copala,14463
12,Guerrero,19,Copalillo,15598
12,Guerrero,20,Copanatoyac,21648
12,Guerrero,21,Coyuca de Benítez,73056
12,Guerrero,22,Coyuca de Catalán,38554
12,Guerrero,23,Cuajinicuilapa,26627
12,Guerrero,24,Cualác,7874
12,Guerrero,25,Cuautepec,17024
12,Guerrero,26,Cuetzala del Progreso,8272
12,Guerrero,27,Cutzamala de Pinzón,20537
12,Guerrero,28,Chilapa de Álvarez,123722
12,Guerrero,29,Chilpancingo de los Bravo,283354
12,Guerrero,30,Florencio Villarreal,22250
12,Guerrero,31,General Canuto A. Neri,6278
12,Guerrero,32,General Heliodoro Castillo,37254
12,Guerrero,33,Huamuxtitlán,17488
12,Guerrero,34,Huitzuco de los Figueroa,36593
12,Guerrero,35,Iguala de la Independencia,154173
12,Guerrero,36,Igualapa,11739
12,Guerrero,37,Ixcateopan de Cuauhtémoc,6138
12,Guerrero,38,Zihuatanejo de Azueta,126001
12,Guerrero,39,Juan R. Escudero,26093
12,Guerrero,40,Leonardo Bravo,26357
12,Guerrero,41,Malinaltepec,29625
12,Guerrero,42,Mártir de Cuilapan,18613
12,Guerrero,43,Metlatónoc,18859
12,Guerrero,44,Mochitlán,12402
12,Guerrero,45,Olinalá,28446
12,Guerrero,46,Ometepec,68207
12,Guerrero,47,Pedro Ascencio Alquisiras,7076
12,Guerrero,48,Petatlán,44583
12,Guerrero,49,Pilcaya,12753
12,Guerrero,50,Pungarabato,38482
12,Guerrero,51,Quechultenango,36143
12,Guerrero,52,San Luis Acatlán,46270
12,Guerrero,53,San Marcos,50124
12,Guerrero,54,San Miguel Totolapan,24139
12,Guerrero,55,Taxco de Alarcón,105586
12,Guerrero,56,Tecoanapa,46063
12,Guerrero,57,Técpan de Galeana,65237
12,Guerrero,58,Teloloapan,53817
12,Guerrero,59,Tepecoacuilco de Trujano,30806
12,Guerrero,60,Tetipac,13552
12,Guerrero,61,Tixtla de Guerrero,43171
12,Guerrero,62,Tlacoachistlahuaca,22781
12,Guerrero,63,Tlacoapa,10092
12,Guerrero,64,Tlalchapa,11681
12,Guerrero,65,Tlalixtaquilla de Maldonado,7602
12,Guerrero,66,Tlapa de Comonfort,96125
12,Guerrero,67,Tlapehuala,22209
12,Guerrero,68,La Unión de Isidoro Montes de Oca,26349
12,Guerrero,69,Xalpatláhuac,11966
12,Guerrero,70,Xochihuehuetlán,7862
12,Guerrero,71,Xochistlahuaca,29891
12,Guerrero,72,Zapotitlán Tablas,12004
12,Guerrero,73,Zirándaro,18031
12,Guerrero,74,Zitlala,21977
12,Guerrero,75,Eduardo Neri,53126
12,Guerrero,76,Acatepec,40197
12,Guerrero,77,Marquelia,14280
12,Guerrero,78,Cochoapa el Grande,21241
12,Guerrero,79,José Joaquín de Herrera,18381
12,Guerrero,80,Juchitán,7559
12,Guerrero,81,Iliatenco,11679
13,Hidalgo,1,Acatlán,22268
13,Hidalgo,2,Acaxochitlán,46065
13,Hidalgo,3,Actopan,61002
13,Hidalgo,4,Agua Blanca de Iturbide,10313
13,Hidalgo,5,Ajacuba,18872
13,Hidalgo,6,Alfajayucan,19162
13,Hidalgo,7,Almoloya,12546
13,Hidalgo,8,Apan,46681
13,Hidalgo,9,El Arenal,19836
13,Hidalgo,10,Atitalaquia,31525
13,Hidalgo,11,Atlapexco,19812
13,Hidalgo,12,Atotonilco el Grande,30135
13,Hidalgo,13,Atotonilco de Tula,62470
13,Hidalgo,14,Calnali,16150
13,Hidalgo,15,Cardonal,19431
13,Hidalgo,16,Cuautepec de Hinojosa,60421
13,Hidalgo,17,Chapantongo,12967
13,Hidalgo,18,Chapulhuacán,22903
13,Hidalgo,19,Chilcuautla,18909
13,Hidalgo,20,Eloxochitlán,2593
13,Hidalgo,21,Emiliano Zapata,15175
13,Hidalgo,22,Epazoyucan,16285
13,Hidalgo,23,Francisco I. Madero,36248
13,Hidalgo,24,Huasca de Ocampo,17607
13,Hidalgo,25,Huautla,20673
13,Hidalgo,26,Huazalingo,12766
13,Hidalgo,27,Huehuetla,22846
13,Hidalgo,28,Huejutla de Reyes,126781
13,Hidalgo,29,Huichapan,47425
13,Hidalgo,30,Ixmiquilpan,98654
13,Hidalgo,31,Jacala de Ledezma,12290
13,Hidalgo,32,Jaltocán,10523
13,Hidalgo,33,Juárez Hidalgo,2895
13,Hidalgo,34,Lolotla,9474
13,Hidalgo,35,Metepec,13078
13,Hidalgo,36,San Agustín Metzquititlán,9449
13,Hidalgo,37,Metztitlán,20962
13,Hidalgo,38,Mineral del Chico,8878
13,Hidalgo,39,Mineral del Monte,14324
13,Hidalgo,40,La Misión,9819
13,Hidalgo,41,Mixquiahuala de Juárez,47222
13,Hidalgo,42,Molango de Escamilla,11578
13,Hidalgo,43,Nicolás Flores,6265
13,Hidalgo,44,Nopala de Villagrán,16948
13,Hidalgo,45,Omitlán de Juárez,9295
13,Hidalgo,46,San Felipe Orizatlán,38492
13,Hidalgo,47,Pacula,4748
13,Hidalgo,48,Pachuca de Soto,314331
13,Hidalgo,49,Pisaflores,18723
13,Hidalgo,50,Progreso de Obregón,23641
13,Hidalgo,51,Mineral de la Reforma,202749
13,Hidalgo,52,San Agustín Tlaxiaca,38891
13,Hidalgo,53,San Bartolo Tutotepec,17699
13,Hidalgo,54,San Salvador,36796
13,Hidalgo,55,Santiago de Anaya,18329
13,Hidalgo,56,Santiago Tulantepec de Lugo Guerrero,39561
13,Hidalgo,57,Singuilucan,15142
13,Hidalgo,58,Tasquillo,17441
13,Hidalgo,59,Tecozautla,38010
13,Hidalgo,60,Tenango de Doria,17503
13,Hidalgo,61,Tepeapulco,56245
13,Hidalgo,62,Tepehuacán de Guerrero,31235
13,Hidalgo,63,Tepeji del Río de Ocampo,90546
13,Hidalgo,64,Tepetitlán,10830
13,Hidalgo,65,Tetepango,11768
13,Hidalgo,66,Villa de Tezontepec,13032
13,Hidalgo,67,Tezontepec de Aldama,55134
13,Hidalgo,68,Tianguistengo,14340
13,Hidalgo,69,Tizayuca,168302
13,Hidalgo,70,Tlahuelilpan,19067
13,Hidalgo,71,Tlahuiltepa,9086
13,Hidalgo,72,Tlanalapa,11113
13,Hidalgo,73,Tlanchinol,37722
13,Hidalgo,74,Tlaxcoapan,28626
13,Hidalgo,75,Tolcayuca,21362
13,Hidalgo,76,Tula de Allende,115107
13,Hidalgo,77,Tulancingo de Bravo,168369
13,Hidalgo,78,Xochiatipan,18260
13,Hidalgo,79,Xochicoatlán,7015
13,Hidalgo,80,Yahualica,24674
13,Hidalgo,81,Zacualtipán de Ángeles,38155
13,Hidalgo,82,Zapotlán de Juárez,21443
13,Hidalgo,83,Zempoala,57906
13,Hidalgo,84,Zimapán,39927
14,Jalisco,1,Acatic,23175
14,Jalisco,2,Acatlán de Juárez,25250
14,Jalisco,3,Ahualulco de Mercado,23630
14,Jalisco,4,Amacueca,5743
14,Jalisco,5,Amatitán,16490
14,Jalisco,6,Ameca,60386
14,Jalisco,7,San Juanito de Escobedo,9433
14,Jalisco,8,Arandas,80609
14,Jalisco,9,El Arenal,21115
14,Jalisco,10,Atemajac de Brizuela,7758
14,Jalisco,11,Atengo,5599
14,Jalisco,12,Atenguillo,4176
14,Jalisco,13,Atotonilco el Alto,64009
14,Jalisco,14,Atoyac,8689
14,Jalisco,15,Autlán de Navarro,64931
14,Jalisco,16,Ayotlán,41552
14,Jalisco,17,Ayutla,12880
14,Jalisco,18,La Barca,67937
14,Jalisco,19,Bolaños,7043
14,Jalisco,20,Cabo Corrientes,10940
14,Jalisco,21,Casimiro Castillo,20548
14,Jalisco,22,Cihuatlán,40139
14,Jalisco,23,Zapotlán el Grande,115141
14,Jalisco,24,Cocula,29267
14,Jalisco,25,Colotlán,19689
14,Jalisco,26,Concepción de Buenos Aires,6334
14,Jalisco,27,Cuautitlán de García Barragán,18370
14,Jalisco,28,Cuautla,2166
14,Jalisco,29,Cuquío,17820
14,Jalisco,30,Chapala,55196
14,Jalisco,31,Chimaltitán,3270
14,Jalisco,32,Chiquilistlán,5983
14,Jalisco,33,Degollado,21226
14,Jalisco,34,Ejutla,1981
14,Jalisco,35,Encarnación de Díaz,53039
14,Jalisco,36,Etzatlán,20011
14,Jalisco,37,El Grullo,25920
14,Jalisco,38,Guachinango,4199
14,Jalisco,39,Guadalajara,1385629
14,Jalisco,40,Hostotipaquillo,8732
14,Jalisco,41,Huejúcar,5920
14,Jalisco,42,Huejuquilla el Alto,10015
14,Jalisco,43,La Huerta,23258
14,Jalisco,44,Ixtlahuacán de los Membrillos,67969
14,Jalisco,45,Ixtlahuacán del Río,20465
14,Jalisco,46,Jalostotitlán,32678
14,Jalisco,47,Jamay,24894
14,Jalisco,48,Jesús María,18982
14,Jalisco,49,Jilotlán de los Dolores,9425
14,Jalisco,50,Jocotepec,47105
14,Jalisco,51,Juanacatlán,30855
14,Jalisco,52,Juchitlán,5534
14,Jalisco,53,Lagos de Moreno,172403
14,Jalisco,54,El Limón,5368
14,Jalisco,55,Magdalena,21781
14,Jalisco,56,Santa María del Oro,1815
14,Jalisco,57,La Manzanilla de la Paz,4099
14,Jalisco,58,Mascota,14451
14,Jalisco,59,Mazamitla,14043
14,Jalisco,60,Mexticacán,5307
14,Jalisco,61,Mezquitic,22083
14,Jalisco,62,Mixtlán,3638
14,Jalisco,63,Ocotlán,106050
14,Jalisco,64,Ojuelos de Jalisco,33588
14,Jalisco,65,Pihuamo,11386
14,Jalisco,66,Poncitlán,53659
14,Jalisco,67,Puerto Vallarta,291839
14,Jalisco,68,Villa Purificación,11303
14,Jalisco,69,Quitupan,7734
14,Jalisco,70,El Salto,232852
14,Jalisco,71,San Cristóbal de la Barranca,2924
14,Jalisco,72,San Diego de Alejandría,7609
14,Jalisco,73,San Juan de los Lagos,72230
14,Jalisco,74,San Julián,16792
14,Jalisco,75,San Marcos,3791
14,Jalisco,76,San Martín de Bolaños,3095
14,Jalisco,77,San Martín Hidalgo,28102
14,Jalisco,78,San Miguel el Alto,31965
14,Jalisco,79,Gómez Farías,16431
14,Jalisco,80,San Sebastián del Oeste,5086
14,Jalisco,81,Santa María de los Ángeles,3515
14,Jalisco,82,Sayula,37186
14,Jalisco,83,Tala,87690
14,Jalisco,84,Talpa de Allende,14997
14,Jalisco,85,Tamazula de Gordiano,38955
14,Jalisco,86,Tapalpa,21245
14,Jalisco,87,Tecalitlán,16705
14,Jalisco,88,Tecolotlán,16603
14,Jalisco,89,Techaluta de Montenegro,4072
14,Jalisco,90,Tenamaxtlán,7302
14,Jalisco,91,Teocaltiche,39839
14,Jalisco,92,Teocuitatlán de Corona,11039
14,Jalisco,93,Tepatitlán de Morelos,150190
14,Jalisco,94,Tequila,44353
14,Jalisco,95,Teuchitlán,9647
14,Jalisco,96,Tizapán el Alto,22758
14,Jalisco,97,Tlajomulco de Zúñiga,727750
14,Jalisco,98,San Pedro Tlaquepaque,687127
14,Jalisco,99,Tolimán,11219
14,Jalisco,100,Tomatlán,36316
14,Jalisco,101,Tonalá,569913
14,Jalisco,102,Tonaya,5961
14,Jalisco,103,Tonila,7565
14,Jalisco,104,Totatiche,4180
14,Jalisco,105,Tototlán,23573
14,Jalisco,106,Tuxcacuesco,5482
14,Jalisco,107,Tuxcueca,6702
14,Jalisco,108,Tuxpan,37518
14,Jalisco,109,Unión de San Antonio,19069
14,Jalisco,110,Unión de Tula,13799
14,Jalisco,111,Valle de Guadalupe,6627
14,Jalisco,112,Valle de Juárez,6151
14,Jalisco,113,San Gabriel,16548
14,Jalisco,114,Villa Corona,19063
14,Jalisco,115,Villa Guerrero,5525
14,Jalisco,116,Villa Hidalgo,20088
14,Jalisco,117,Cañadas de Obregón,4388
14,Jalisco,118,Yahualica de González Gallo,22394
14,Jalisco,119,Zacoalco de Torres,30472
14,Jalisco,120,Zapopan,1476491
14,Jalisco,121,Zapotiltic,33713
14,Jalisco,122,Zapotitlán de Vadillo,7466
14,Jalisco,123,Zapotlán del Rey,19279
14,Jalisco,124,Zapotlanejo,64806
14,Jalisco,125,San Ignacio Cerro Gordo,18341
15,México,1,Acambay de Ruíz Castañeda,67872
15,México,2,Acolman,171507
15,México,3,Aculco,49266
15,México,4,Almoloya de Alquisiras,15333
15,México,5,Almoloya de Juárez,174587
15,México,6,Almoloya del Río,12694
15,México,7,Amanalco,23675
15,México,8,Amatepec,25244
15,México,9,Amecameca,53441
15,México,10,Apaxco,31898
15,México,11,Atenco,75489
15,México,12,Atizapán,12984
15,México,13,Atizapán de Zaragoza,523674
15,México,14,Atlacomulco,109384
15,México,15,Atlautla,31900
15,México,16,Axapusco,29128
15,México,17,Ayapango,10053
15,México,18,Calimaya,68489
15,México,19,Capulhuac,36921
15,México,20,Coacalco de Berriozábal,293444
15,México,21,Coatepec Harinas,38643
15,México,22,Cocotitlán,15107
15,México,23,Coyotepec,40885
15,México,24,Cuautitlán,178847
15,México,25,Chalco,400057
15,México,26,Chapa de Mota,31737
15,México,27,Chapultepec,12772
15,México,28,Chiautla,30045
15,México,29,Chicoloapan,200750
15,México,30,Chiconcuac,27692
15,México,31,Chimalhuacán,705193
15,México,32,Donato Guerra,37436
15,México,33,Ecatepec de Morelos,1645352
15,México,34,Ecatzingo,10827
15,México,35,Huehuetoca,163244
15,México,36,Hueypoxtla,46757
15,México,37,Huixquilucan,284965
15,México,38,Isidro Fabela,11929
15,México,39,Ixtapaluca,542211
15,México,40,Ixtapan de la Sal,36911
15,México,41,Ixtapan del Oro,6475
15,México,42,Ixtlahuaca,160139
15,México,43,Xalatlaco,30687
15,México,44,Jaltenco,28217
15,México,45,Jilotepec,87671
15,México,46,Jilotzingo,19877
15,México,47,Jiquipilco,76826
15,México,48,Jocotitlán,69264
15,México,49,Joquicingo,15428
15,México,50,Juchitepec,27116
15,México,51,Lerma,170327
15,México,52,Malinalco,28155
15,México,53,Melchor Ocampo,61220
15,México,54,Metepec,242307
15,México,55,Mexicaltzingo,13807
15,México,56,Morelos,33164
15,México,57,Naucalpan de Juárez,834434
15,México,58,Nezahualcóyotl,1077208
15,México,59,Nextlalpan,57082
15,México,60,Nicolás Romero,430601
15,México,61,Nopaltepec,10351
15,México,62,Ocoyoacac,72103
15,México,63,Ocuilan,36223
15,México,64,El Oro,36937
15,México,65,Otumba,36331
15,México,66,Otzoloapan,4891
15,México,67,Otzolotepec,88783
15,México,68,Ozumba,30785
15,México,69,Papalotla,4862
15,México,70,La Paz,304088
15,México,71,Polotitlán,14985
15,México,72,Rayón,15972
15,México,73,San Antonio la Isla,31962
15,México,74,San Felipe del Progreso,144924
15,México,75,San Martín de las Pirámides,29182
15,México,76,San Mateo Atenco,97418
15,México,77,San Simón de Guerrero,6692
15,México,78,Santo Tomás,9729
15,México,79,Soyaniquilpan de Juárez,14323
15,México,80,Sultepec,24145
15,México,81,Tecámac,547503
15,México,82,Tejupilco,79282
15,México,83,Temamatla,14130
15,México,84,Temascalapa,43593
15,México,85,Temascalcingo,66414
15,México,86,Temascaltepec,35014
15,México,87,Temoaya,105766
15,México,88,Tenancingo,104677
15,México,89,Tenango del Aire,11359
15,México,90,Tenango del Valle,90518
15,México,91,Teoloyucan,65459
15,México,92,Teotihuacán,58507
15,México,93,Tepetlaoxtoc,32564
15,México,94,Tepetlixpa,20500
15,México,95,Tepotzotlán,103696
15,México,96,Tequixquiac,39489
15,México,97,Texcaltitlán,18482
15,México,98,Texcalyacac,5736
15,México,99,Texcoco,277562
15,México,100,Tezoyuca,47044
15,México,101,Tianguistenco,84259
15,México,102,Timilpan,16414
15,México,103,Tlalmanalco,49196
15,México,104,Tlalnepantla de Baz,672202
15,México,105,Tlatlaya,31762
15,México,106,Toluca,910608
15,México,107,Tonatico,12912
15,México,108,Tultepec,157645
15,México,109,Tultitlán,516341
15,México,110,Valle de Bravo,61590
15,México,111,Villa de Allende,53275
15,México,112,Villa del Carbón,51498
15,México,113,Villa Guerrero,69086
15,México,114,Villa Victoria,108196
15,México,115,Xonacatlán,54633
15,México,116,Zacazonapan,5109
15,México,117,Zacualpan,13522
15,México,118,Zinacantepec,203872
15,México,119,Zumpahuacán,18833
15,México,120,Zumpango,280455
15,México,121,Cuautitlán Izcalli,555163
15,México,122,Valle de Chalco Solidaridad,391731
15,México,123,Luvianos,28822
15,México,124,San José del Rincón,100082
15,México,125,Tonanitla,14883
16,Michoacán de Ocampo,1,Acuitzio,11301
16,Michoacán de Ocampo,2,Aguililla,14754
16,Michoacán de Ocampo,3,Álvaro Obregón,23000
16,Michoacán de Ocampo,4,Angamacutiro,14943
16,Michoacán de Ocampo,5,Angangueo,10892
16,Michoacán de Ocampo,6,Apatzingán,126191
16,Michoacán de Ocampo,7,Aporo,3529
16,Michoacán de Ocampo,8,Aquila,24676
16,Michoacán de Ocampo,9,Ario,36268
16,Michoacán de Ocampo,10,Arteaga,20332
16,Michoacán de Ocampo,11,Briseñas,11681
16,Michoacán de Ocampo,12,Buenavista,45538
16,Michoacán de Ocampo,13,Carácuaro,9176
16,Michoacán de Ocampo,14,Coahuayana,17022
16,Michoacán de Ocampo,15,Coalcomán de Vázquez Pallares,19633
16,Michoacán de Ocampo,16,Coeneo,20965
16,Michoacán de Ocampo,17,Contepec,35070
16,Michoacán de Ocampo,18,Copándaro,9484
16,Michoacán de Ocampo,19,Cotija,20198
16,Michoacán de Ocampo,20,Cuitzeo,29910
16,Michoacán de Ocampo,21,Charapan,13539
16,Michoacán de Ocampo,22,Charo,25138
16,Michoacán de Ocampo,23,Chavinda,10417
16,Michoacán de Ocampo,24,Cherán,20586
16,Michoacán de Ocampo,25,Chilchota,40560
16,Michoacán de Ocampo,26,Chinicuila,4773
16,Michoacán de Ocampo,27,Chucándiro,4944
16,Michoacán de Ocampo,28,Churintzio,5233
16,Michoacán de Ocampo,29,Churumuco,12342
16,Michoacán de Ocampo,30,Ecuandureo,11850
16,Michoacán de Ocampo,31,Epitacio Huerta,16112
16,Michoacán de Ocampo,32,Erongarícuaro,15715
16,Michoacán de Ocampo,33,Gabriel Zamora,21466
16,Michoacán de Ocampo,34,Hidalgo,125712
16,Michoacán de Ocampo,35,La Huacana,30627
16,Michoacán de Ocampo,36,Huandacareo,11644
16,Michoacán de Ocampo,37,Huaniqueo,7945
16,Michoacán de Ocampo,38,Huetamo,41973
16,Michoacán de Ocampo,39,Huiramba,9015
16,Michoacán de Ocampo,40,Indaparapeo,18385
16,Michoacán de Ocampo,41,Irimbo,16043
16,Michoacán de Ocampo,42,Ixtlán,14302
16,Michoacán de Ocampo,43,Jacona,68781
16,Michoacán de Ocampo,44,Jiménez,12946
16,Michoacán de Ocampo,45,Jiquilpan,36158
16,Michoacán de Ocampo,46,Juárez,14936
16,Michoacán de Ocampo,47,Jungapeo,19834
16,Michoacán de Ocampo,48,Lagunillas,5745
16,Michoacán de Ocampo,49,Madero,19086
16,Michoacán de Ocampo,50,Maravatío,89311
16,Michoacán de Ocampo,51,Marcos Castellanos,13983
16,Michoacán de Ocampo,52,Lázaro Cárdenas,196003
16,Michoacán de Ocampo,53,Morelia,849053
16,Michoacán de Ocampo,54,Morelos,7983
16,Michoacán de Ocampo,55,Múgica,45732
16,Michoacán de Ocampo,56,Nahuatzen,32598
16,Michoacán de Ocampo,57,Nocupétaro,8196
16,Michoacán de Ocampo,58,Nuevo Parangaricutiro,20981
16,Michoacán de Ocampo,59,Nuevo Urecho,9027
16,Michoacán de Ocampo,60,Numarán,9437
16,Michoacán de Ocampo,61,Ocampo,24774
16,Michoacán de Ocampo,62,Pajacuarán,21028
16,Michoacán de Ocampo,63,Panindícuaro,14889
16,Michoacán de Ocampo,64,Parácuaro,26832
16,Michoacán de Ocampo,65,Paracho,39657
16,Michoacán de Ocampo,66,Pátzcuaro,98382
16,Michoacán de Ocampo,67,Penjamillo,16621
16,Michoacán de Ocampo,68,Peribán,29389
16,Michoacán de Ocampo,69,La Piedad,106490
16,Michoacán de Ocampo,70,Purépero,15503
16,Michoacán de Ocampo,71,Puruándiro,69260
16,Michoacán de Ocampo,72,Queréndaro,13961
16,Michoacán de Ocampo,73,Quiroga,27176
16,Michoacán de Ocampo,74,Cojumatlán de Régules,10553
16,Michoacán de Ocampo,75,Los Reyes,78935
16,Michoacán de Ocampo,76,Sahuayo,78477
16,Michoacán de Ocampo,77,San Lucas,17677
16,Michoacán de Ocampo,78,Santa Ana Maya,12812
16,Michoacán de Ocampo,79,Salvador Escalante,49896
16,Michoacán de Ocampo,80,Senguio,19833
16,Michoacán de Ocampo,81,Susupuato,9076
16,Michoacán de Ocampo,82,Tacámbaro,79540
16,Michoacán de Ocampo,83,Tancítaro,33453
16,Michoacán de Ocampo,84,Tangamandapio,31716
16,Michoacán de Ocampo,85,Tangancícuaro,35256
16,Michoacán de Ocampo,86,Tanhuato,15534
16,Michoacán de Ocampo,87,Taretan,15589
16,Michoacán de Ocampo,88,Tarímbaro,114513
16,Michoacán de Ocampo,89,Tepalcatepec,24074
16,Michoacán de Ocampo,90,Tingambato,16325
16,Michoacán de Ocampo,91,Tingüindín,14934
16,Michoacán de Ocampo,92,Tiquicheo de Nicolás Romero,12836
16,Michoacán de Ocampo,93,Tlalpujahua,28556
16,Michoacán de Ocampo,94,Tlazazalca,6420
16,Michoacán de Ocampo,95,Tocumbo,12325
16,Michoacán de Ocampo,96,Tumbiscatío,5971
16,Michoacán de Ocampo,97,Turicato,29056
16,Michoacán de Ocampo,98,Tuxpan,25757
16,Michoacán de Ocampo,99,Tuzantla,14329
16,Michoacán de Ocampo,100,Tzintzuntzan,14911
16,Michoacán de Ocampo,101,Tzitzio,8855
16,Michoacán de Ocampo,102,Uruapan,356786
16,Michoacán de Ocampo,103,Venustiano Carranza,23469
16,Michoacán de Ocampo,104,Villamar,15864
16,Michoacán de Ocampo,105,Vista Hermosa,20982
16,Michoacán de Ocampo,106,Yurécuaro,32303
16,Michoacán de Ocampo,107,Zacapu,76829
16,Michoacán de Ocampo,108,Zamora,204860
16,Michoacán de Ocampo,109,Zináparo,3232
16,Michoacán de Ocampo,110,Zinapécuaro,49005
16,Michoacán de Ocampo,111,Ziracuaretiro,18402
16,Michoacán de Ocampo,112,Zitácuaro,157056
16,Michoacán de Ocampo,113,José Sixto Verduzco,26213
17,Morelos,1,Amacuzac,17598
17,Morelos,2,Atlatlahucan,25232
17,Morelos,3,Axochiapan,39174
17,Morelos,4,Ayala,89834
17,Morelos,5,Coatlán del Río,10520
17,Morelos,6,Cuautla,187118
17,Morelos,7,Cuernavaca,378476
17,Morelos,8,Emiliano Zapata,107053
17,Morelos,9,Huitzilac,24515
17,Morelos,10,Jantetelco,18402
17,Morelos,11,Jiutepec,215357
17,Morelos,12,Jojutla,57682
17,Morelos,13,Jonacatepec de Leandro Valle,16694
17,Morelos,14,Mazatepec,9653
17,Morelos,15,Miacatlán,15802
17,Morelos,16,Ocuituco,19219
17,Morelos,17,Puente de Ixtla,40018
17,Morelos,18,Temixco,122263
17,Morelos,19,Tepalcingo,28122
17,Morelos,20,Tepoztlán,54987
17,Morelos,21,Tetecala,7617
17,Morelos,22,Tetela del Volcán,14853
17,Morelos,23,Tlalnepantla,7943
17,Morelos,24,Tlaltizapán de Zapata,52399
17,Morelos,25,Tlaquiltenango,33789
17,Morelos,26,Tlayacapan,19408
17,Morelos,27,Totolapan,12750
17,Morelos,28,Xochitepec,73539
17,Morelos,29,Yautepec,105780
17,Morelos,30,Yecapixtla,56083
17,Morelos,31,Zacatepec,36094
17,Morelos,32,Zacualpan de Amilpas,9965
17,Morelos,33,Temoac,16574
17,Morelos,34,Coatetelco,11347
17,Morelos,35,Xoxocotla,27805
17,Morelos,36,Hueyapan,7855
18,Nayarit,1,Acaponeta,37232
18,Nayarit,2,Ahuacatlán,15393
18,Nayarit,3,Amatlán de Cañas,11536
18,Nayarit,4,Compostela,77436
18,Nayarit,5,Huajicori,12230
18,Nayarit,6,Ixtlán del Río,29299
18,Nayarit,7,Jala,19321
18,Nayarit,8,Xalisco,65229
18,Nayarit,9,Del Nayar,47550
18,Nayarit,10,Rosamorada,33567
18,Nayarit,11,Ruíz,24096
18,Nayarit,12,San Blas,41518
18,Nayarit,13,San Pedro Lagunillas,7683
18,Nayarit,14,Santa María del Oro,24911
18,Nayarit,15,Santiago Ixcuintla,93981
18,Nayarit,16,Tecuala,37135
18,Nayarit,17,Tepic,425924
18,Nayarit,18,Tuxpan,30064
18,Nayarit,19,La Yesca,13719
18,Nayarit,20,Bahía de Banderas,187632
19,Nuevo León,1,Abasolo,2974
19,Nuevo León,2,Agualeguas,3382
19,Nuevo León,3,Los Aldamas,1407
19,Nuevo León,4,Allende,35289
19,Nuevo León,5,Anáhuac,18030
19,Nuevo León,6,Apodaca,656464
19,Nuevo León,7,Aramberri,14992
19,Nuevo León,8,Bustamante,3661
19,Nuevo León,9,Cadereyta Jiménez,122337
19,Nuevo León,10,El Carmen,104478
19,Nuevo León,11,Cerralvo,7340
19,Nuevo León,12,Ciénega de Flores,68747
19,Nuevo León,13,China,9930
19,Nuevo León,14,Doctor Arroyo,36088
19,Nuevo León,15,Doctor Coss,1360
19,Nuevo León,16,Doctor González,3256
19,Nuevo León,17,Galeana,40903
19,Nuevo León,18,García,397205
19,Nuevo León,19,San Pedro Garza García,132169
19,Nuevo León,20,General Bravo,5506
19,Nuevo León,21,General Escobedo,481213
19,Nuevo León,22,General Terán,14109
19,Nuevo León,23,General Treviño,1808
19,Nuevo León,24,General Zaragoza,6282
19,Nuevo León,25,General Zuazua,102149
19,Nuevo León,26,Guadalupe,643143
19,Nuevo León,27,Los Herreras,1959
19,Nuevo León,28,Higueras,1386
19,Nuevo León,29,Hualahuises,7026
19,Nuevo León,30,Iturbide,3298
19,Nuevo León,31,Juárez,471523
19,Nuevo León,32,Lampazos de Naranjo,5351
19,Nuevo León,33,Linares,84666
19,Nuevo León,34,Marín,5119
19,Nuevo León,35,Melchor Ocampo,1483
19,Nuevo León,36,Mier y Noriega,7652
19,Nuevo León,37,Mina,6048
19,Nuevo León,38,Montemorelos,67428
19,Nuevo León,39,Monterrey,1142994
19,Nuevo León,40,Parás,906
19,Nuevo León,41,Pesquería,147624
19,Nuevo León,42,Los Ramones,5389
19,Nuevo León,43,Rayones,2377
19,Nuevo León,44,Sabinas Hidalgo,34709
19,Nuevo León,45,Salinas Victoria,86766
19,Nuevo León,46,San Nicolás de los Garza,412199
19,Nuevo León,47,Hidalgo,16086
19,Nuevo León,48,Santa Catarina,306322
19,Nuevo León,49,Santiago,46784
19,Nuevo León,50,Vallecillo,1552
19,Nuevo León,51,Villaldama,3573
20,Oaxaca,1,Abejones,841
20,Oaxaca,2,Acatlán de Pérez Figueroa,45167
20,Oaxaca,3,Asunción Cacalotepec,2547
20,Oaxaca,4,Asunción Cuyotepeji,1107
20,Oaxaca,5,Asunción Ixtaltepec,15261
20,Oaxaca,6,Asunción Nochixtlán,20464
20,Oaxaca,7,Asunción Ocotlán,2395
20,Oaxaca,8,Asunción Tlacolulita,734
20,Oaxaca,9,Ayotzintepec,6857
20,Oaxaca,10,El Barrio de la Soledad,13474
20,Oaxaca,11,Calihualá,1402
20,Oaxaca,12,Candelaria Loxicha,11166
20,Oaxaca,13,Ciénega de Zimatlán,3043
20,Oaxaca,14,Ciudad Ixtepec,28082
20,Oaxaca,15,Coatecas Altas,5356
20,Oaxaca,16,Coicoyán de las Flores,9563
20,Oaxaca,17,La Compañía,3607
20,Oaxaca,18,Concepción Buenavista,752
20,Oaxaca,19,Concepción Pápalo,2754
20,Oaxaca,20,Constancia del Rosario,4847
20,Oaxaca,21,Cosolapa,14488
20,Oaxaca,22,Cosoltepec,803
20,Oaxaca,23,Cuilápam de Guerrero,26882
20,Oaxaca,24,Cuyamecalco Villa de Zaragoza,3644
20,Oaxaca,25,Chahuites,11356
20,Oaxaca,26,Chalcatongo de Hidalgo,9035
20,Oaxaca,27,Chiquihuitlán de Benito Juárez,2179
20,Oaxaca,28,Heroica Ciudad de Ejutla de Crespo,23148
20,Oaxaca,29,Eloxochitlán de Flores Magón,4215
20,Oaxaca,30,El Espinal,8730
20,Oaxaca,31,Tamazulápam del Espíritu Santo,7185
20,Oaxaca,32,Fresnillo de Trujano,1077
20,Oaxaca,33,Guadalupe Etla,2929
20,Oaxaca,34,Guadalupe de Ramírez,1288
20,Oaxaca,35,Guelatao de Juárez,657
20,Oaxaca,36,Guevea de Humboldt,5256
20,Oaxaca,37,Mesones Hidalgo,4424
20,Oaxaca,38,Villa Hidalgo,1885
20,Oaxaca,39,Heroica Ciudad de Huajuapan de León,78313
20,Oaxaca,40,Huautepec,6385
20,Oaxaca,41,Huautla de Jiménez,31710
20,Oaxaca,42,Ixtlán de Juárez,8385
20,Oaxaca,43,Juchitán de Zaragoza,113570
20,Oaxaca,44,Loma Bonita,40934
20,Oaxaca,45,Magdalena Apasco,7888
20,Oaxaca,46,Magdalena Jaltepec,2943
20,Oaxaca,47,Santa Magdalena Jicotlán,81
20,Oaxaca,48,Magdalena Mixtepec,1433
20,Oaxaca,49,Magdalena Ocotlán,1184
20,Oaxaca,50,Magdalena Peñasco,3750
20,Oaxaca,51,Magdalena Teitipac,4764
20,Oaxaca,52,Magdalena Tequisistlán,5996
20,Oaxaca,53,Magdalena Tlacotepec,1297
20,Oaxaca,54,Magdalena Zahuatlán,404
20,Oaxaca,55,Mariscala de Juárez,3739
20,Oaxaca,56,Mártires de Tacubaya,1446
20,Oaxaca,57,Matías Romero Avendaño,38183
20,Oaxaca,58,Mazatlán Villa de Flores,12722
20,Oaxaca,59,Miahuatlán de Porfirio Díaz,50375
20,Oaxaca,60,Mixistlán de la Reforma,2487
20,Oaxaca,61,Monjas,2893
20,Oaxaca,62,Natividad,498
20,Oaxaca,63,Nazareno Etla,4293
20,Oaxaca,64,Nejapa de Madero,8494
20,Oaxaca,65,Ixpantepec Nieves,1079
20,Oaxaca,66,Santiago Niltepec,5342
20,Oaxaca,67,Oaxaca de Juárez,270955
20,Oaxaca,68,Ocotlán de Morelos,23751
20,Oaxaca,69,La Pe,3052
20,Oaxaca,70,Pinotepa de Don Luis,6416
20,Oaxaca,71,Pluma Hidalgo,3255
20,Oaxaca,72,San José del Progreso,8059
20,Oaxaca,73,Putla Villa de Guerrero,34652
20,Oaxaca,74,Santa Catarina Quioquitani,456
20,Oaxaca,75,Reforma de Pineda,2660
20,Oaxaca,76,La Reforma,3411
20,Oaxaca,77,Reyes Etla,4370
20,Oaxaca,78,Rojas de Cuauhtémoc,1301
20,Oaxaca,79,Salina Cruz,84438
20,Oaxaca,80,San Agustín Amatengo,1593
20,Oaxaca,81,San Agustín Atenango,1871
20,Oaxaca,82,San Agustín Chayuco,4163
20,Oaxaca,83,San Agustín de las Juntas,11391
20,Oaxaca,84,San Agustín Etla,4168
20,Oaxaca,85,San Agustín Loxicha,26194
20,Oaxaca,86,San Agustín Tlacotepec,1032
20,Oaxaca,87,San Agustín Yatareni,5521
20,Oaxaca,88,San Andrés Cabecera Nueva,2881
20,Oaxaca,89,San Andrés Dinicuiti,2308
20,Oaxaca,90,San Andrés Huaxpaltepec,6234
20,Oaxaca,91,San Andrés Huayápam,6279
20,Oaxaca,92,San Andrés Ixtlahuaca,1776
20,Oaxaca,93,San Andrés Lagunas,518
20,Oaxaca,94,San Andrés Nuxiño,1850
20,Oaxaca,95,San Andrés Paxtlán,4562
20,Oaxaca,96,San Andrés Sinaxtla,756
20,Oaxaca,97,San Andrés Solaga,1771
20,Oaxaca,98,San Andrés Teotilálpam,4233
20,Oaxaca,99,San Andrés Tepetlapa,381
20,Oaxaca,100,San Andrés Yaá,393
20,Oaxaca,101,San Andrés Zabache,748
20,Oaxaca,102,San Andrés Zautla,5326
20,Oaxaca,103,San Antonino Castillo Velasco,6064
20,Oaxaca,104,San Antonino el Alto,2705
20,Oaxaca,105,San Antonino Monte Verde,7678
20,Oaxaca,106,San Antonio Acutla,249
20,Oaxaca,107,San Antonio de la Cal,26282
20,Oaxaca,108,San Antonio Huitepec,2936
20,Oaxaca,109,San Antonio Nanahuatípam,1232
20,Oaxaca,110,San Antonio Sinicahua,1668
20,Oaxaca,111,San Antonio Tepetlapa,4873
20,Oaxaca,112,San Baltazar Chichicápam,2576
20,Oaxaca,113,San Baltazar Loxicha,3169
20,Oaxaca,114,San Baltazar Yatzachi el Bajo,674
20,Oaxaca,115,San Bartolo Coyotepec,10391
20,Oaxaca,116,San Bartolomé Ayautla,4131
20,Oaxaca,117,San Bartolomé Loxicha,2213
20,Oaxaca,118,San Bartolomé Quialana,2389
20,Oaxaca,119,San Bartolomé Yucuañe,735
20,Oaxaca,120,San Bartolomé Zoogocho,449
20,Oaxaca,121,San Bartolo Soyaltepec,596
20,Oaxaca,122,San Bartolo Yautepec,653
20,Oaxaca,123,San Bernardo Mixtepec,2829
20,Oaxaca,124,San Blas Atempa,19696
20,Oaxaca,125,San Carlos Yautepec,11662
20,Oaxaca,126,San Cristóbal Amatlán,5396
20,Oaxaca,127,San Cristóbal Amoltepec,1252
20,Oaxaca,128,San Cristóbal Lachirioag,1342
20,Oaxaca,129,San Cristóbal Suchixtlahuaca,356
20,Oaxaca,130,San Dionisio del Mar,5180
20,Oaxaca,131,San Dionisio Ocotepec,11411
20,Oaxaca,132,San Dionisio Ocotlán,1380
20,Oaxaca,133,San Esteban Atatlahuca,3934
20,Oaxaca,134,San Felipe Jalapa de Díaz,28500
20,Oaxaca,135,San Felipe Tejalápam,8231
20,Oaxaca,136,San Felipe Usila,12191
20,Oaxaca,137,San Francisco Cahuacuá,3450
20,Oaxaca,138,San Francisco Cajonos,451
20,Oaxaca,139,San Francisco Chapulapa,2195
20,Oaxaca,140,San Francisco Chindúa,812
20,Oaxaca,141,San Francisco del Mar,8710
20,Oaxaca,142,San Francisco Huehuetlán,842
20,Oaxaca,143,San Francisco Ixhuatán,9461
20,Oaxaca,144,San Francisco Jaltepetongo,1075
20,Oaxaca,145,San Francisco Lachigoló,5215
20,Oaxaca,146,San Francisco Logueche,2803
20,Oaxaca,147,San Francisco Nuxaño,376
20,Oaxaca,148,San Francisco Ozolotepec,2182
20,Oaxaca,149,San Francisco Sola,2019
20,Oaxaca,150,San Francisco Telixtlahuaca,13856
20,Oaxaca,151,San Francisco Teopan,312
20,Oaxaca,152,San Francisco Tlapancingo,2472
20,Oaxaca,153,San Gabriel Mixtepec,4910
20,Oaxaca,154,San Ildefonso Amatlán,2329
20,Oaxaca,155,San Ildefonso Sola,1060
20,Oaxaca,156,San Ildefonso Villa Alta,3677
20,Oaxaca,157,San Jacinto Amilpas,16827
20,Oaxaca,158,San Jacinto Tlacotepec,2233
20,Oaxaca,159,San Jerónimo Coatlán,5537
20,Oaxaca,160,San Jerónimo Silacayoapilla,1429
20,Oaxaca,161,San Jerónimo Sosola,2730
20,Oaxaca,162,San Jerónimo Taviche,2046
20,Oaxaca,163,San Jerónimo Tecóatl,1577
20,Oaxaca,164,San Jorge Nuchita,2881
20,Oaxaca,165,San José Ayuquila,1629
20,Oaxaca,166,San José Chiltepec,11310
20,Oaxaca,167,San José del Peñasco,2149
20,Oaxaca,168,San José Estancia Grande,938
20,Oaxaca,169,San José Independencia,4251
20,Oaxaca,170,San José Lachiguiri,3700
20,Oaxaca,171,San José Tenango,18102
20,Oaxaca,172,San Juan Achiutla,408
20,Oaxaca,173,San Juan Atepec,1457
20,Oaxaca,174,Ánimas Trujano,4564
20,Oaxaca,175,San Juan Bautista Atatlahuca,1424
20,Oaxaca,176,San Juan Bautista Coixtlahuaca,2725
20,Oaxaca,177,San Juan Bautista Cuicatlán,10365
20,Oaxaca,178,San Juan Bautista Guelache,6692
20,Oaxaca,179,San Juan Bautista Jayacatlán,1447
20,Oaxaca,180,San Juan Bautista Lo de Soto,2344
20,Oaxaca,181,San Juan Bautista Suchitepec,453
20,Oaxaca,182,San Juan Bautista Tlacoatzintepec,2181
20,Oaxaca,183,San Juan Bautista Tlachichilco,1475
20,Oaxaca,184,San Juan Bautista Tuxtepec,159452
20,Oaxaca,185,San Juan Cacahuatepec,8939
20,Oaxaca,186,San Juan Cieneguilla,524
20,Oaxaca,187,San Juan Coatzóspam,1808
20,Oaxaca,188,San Juan Colorado,9609
20,Oaxaca,189,San Juan Comaltepec,3116
20,Oaxaca,190,San Juan Cotzocón,22444
20,Oaxaca,191,San Juan Chicomezúchil,296
20,Oaxaca,192,San Juan Chilateca,1522
20,Oaxaca,193,San Juan del Estado,2807
20,Oaxaca,194,San Juan del Río,1372
20,Oaxaca,195,San Juan Diuxi,1056
20,Oaxaca,196,San Juan Evangelista Analco,407
20,Oaxaca,197,San Juan Guelavía,3288
20,Oaxaca,198,San Juan Guichicovi,29802
20,Oaxaca,199,San Juan Ihualtepec,494
20,Oaxaca,200,San Juan Juquila Mixes,3703
20,Oaxaca,201,San Juan Juquila Vijanos,1880
20,Oaxaca,202,San Juan Lachao,4577
20,Oaxaca,203,San Juan Lachigalla,3538
20,Oaxaca,204,San Juan Lajarcia,634
20,Oaxaca,205,San Juan Lalana,16989
20,Oaxaca,206,San Juan de los Cués,2421
20,Oaxaca,207,San Juan Mazatlán,19032
20,Oaxaca,208,San Juan Mixtepec,6941
20,Oaxaca,209,San Juan Mixtepec,607
20,Oaxaca,210,San Juan Ñumí,5773
20,Oaxaca,211,San Juan Ozolotepec,3411
20,Oaxaca,212,San Juan Petlapa,3117
20,Oaxaca,213,San Juan Quiahije,4203
20,Oaxaca,214,San Juan Quiotepec,2033
20,Oaxaca,215,San Juan Sayultepec,879
20,Oaxaca,216,San Juan Tabaá,1241
20,Oaxaca,217,San Juan Tamazola,3325
20,Oaxaca,218,San Juan Teita,544
20,Oaxaca,219,San Juan Teitipac,2668
20,Oaxaca,220,San Juan Tepeuxila,2692
20,Oaxaca,221,San Juan Teposcolula,1494
20,Oaxaca,222,San Juan Yaeé,1426
20,Oaxaca,223,San Juan Yatzona,440
20,Oaxaca,224,San Juan Yucuita,643
20,Oaxaca,225,San Lorenzo,5903
20,Oaxaca,226,San Lorenzo Albarradas,2971
20,Oaxaca,227,San Lorenzo Cacaotepec,18339
20,Oaxaca,228,San Lorenzo Cuaunecuiltitla,833
20,Oaxaca,229,San Lorenzo Texmelúcan,9148
20,Oaxaca,230,San Lorenzo Victoria,932
20,Oaxaca,231,San Lucas Camotlán,3187
20,Oaxaca,232,San Lucas Ojitlán,22185
20,Oaxaca,233,San Lucas Quiaviní,1720
20,Oaxaca,234,San Lucas Zoquiápam,7163
20,Oaxaca,235,San Luis Amatlán,3829
20,Oaxaca,236,San Marcial Ozolotepec,1372
20,Oaxaca,237,San Marcos Arteaga,1568
20,Oaxaca,238,San Martín de los Cansecos,994
20,Oaxaca,239,San Martín Huamelúlpam,1000
20,Oaxaca,240,San Martín Itunyoso,2749
20,Oaxaca,241,San Martín Lachilá,1034
20,Oaxaca,242,San Martín Peras,12436
20,Oaxaca,243,San Martín Tilcajete,1975
20,Oaxaca,244,San Martín Toxpalan,3934
20,Oaxaca,245,San Martín Zacatepec,1324
20,Oaxaca,246,San Mateo Cajonos,611
20,Oaxaca,247,Capulálpam de Méndez,1619
20,Oaxaca,248,San Mateo del Mar,15571
20,Oaxaca,249,San Mateo Yoloxochitlán,3831
20,Oaxaca,250,San Mateo Etlatongo,1239
20,Oaxaca,251,San Mateo Nejápam,1217
20,Oaxaca,252,San Mateo Peñasco,2384
20,Oaxaca,253,San Mateo Piñas,2021
20,Oaxaca,254,San Mateo Río Hondo,3207
20,Oaxaca,255,San Mateo Sindihui,1977
20,Oaxaca,256,San Mateo Tlapiltepec,229
20,Oaxaca,257,San Melchor Betaza,1052
20,Oaxaca,258,San Miguel Achiutla,698
20,Oaxaca,259,San Miguel Ahuehuetitlán,2142
20,Oaxaca,260,San Miguel Aloápam,2191
20,Oaxaca,261,San Miguel Amatitlán,6932
20,Oaxaca,262,San Miguel Amatlán,991
20,Oaxaca,263,San Miguel Coatlán,3184
20,Oaxaca,264,San Miguel Chicahua,2169
20,Oaxaca,265,San Miguel Chimalapa,6711
20,Oaxaca,266,San Miguel del Puerto,8551
20,Oaxaca,267,San Miguel del Río,245
20,Oaxaca,268,San Miguel Ejutla,1149
20,Oaxaca,269,San Miguel el Grande,4313
20,Oaxaca,270,San Miguel Huautla,1311
20,Oaxaca,271,San Miguel Mixtepec,3194
20,Oaxaca,272,San Miguel Panixtlahuaca,6252
20,Oaxaca,273,San Miguel Peras,3818
20,Oaxaca,274,San Miguel Piedras,1328
20,Oaxaca,275,San Miguel Quetzaltepec,7286
20,Oaxaca,276,San Miguel Santa Flor,691
20,Oaxaca,277,Villa Sola de Vega,12350
20,Oaxaca,278,San Miguel Soyaltepec,38682
20,Oaxaca,279,San Miguel Suchixtepec,2932
20,Oaxaca,280,Villa Talea de Castro,2011
20,Oaxaca,281,San Miguel Tecomatlán,305
20,Oaxaca,282,San Miguel Tenango,653
20,Oaxaca,283,San Miguel Tequixtepec,1044
20,Oaxaca,284,San Miguel Tilquiápam,3141
20,Oaxaca,285,San Miguel Tlacamama,3668
20,Oaxaca,286,San Miguel Tlacotepec,3100
20,Oaxaca,287,San Miguel Tulancingo,307
20,Oaxaca,288,San Miguel Yotao,585
20,Oaxaca,289,San Nicolás,1214
20,Oaxaca,290,San Nicolás Hidalgo,1043
20,Oaxaca,291,San Pablo Coatlán,4308
20,Oaxaca,292,San Pablo Cuatro Venados,1510
20,Oaxaca,293,San Pablo Etla,17116
20,Oaxaca,294,San Pablo Huitzo,7035
20,Oaxaca,295,San Pablo Huixtepec,10020
20,Oaxaca,296,San Pablo Macuiltianguis,955
20,Oaxaca,297,San Pablo Tijaltepec,2751
20,Oaxaca,298,San Pablo Villa de Mitla,13587
20,Oaxaca,299,San Pablo Yaganiza,1125
20,Oaxaca,300,San Pedro Amuzgos,6632
20,Oaxaca,301,San Pedro Apóstol,1594
20,Oaxaca,302,San Pedro Atoyac,4559
20,Oaxaca,303,San Pedro Cajonos,1081
20,Oaxaca,304,San Pedro Coxcaltepec Cántaros,716
20,Oaxaca,305,San Pedro Comitancillo,4333
20,Oaxaca,306,San Pedro el Alto,4654
20,Oaxaca,307,San Pedro Huamelula,9735
20,Oaxaca,308,San Pedro Huilotepec,3307
20,Oaxaca,309,San Pedro Ixcatlán,10368
20,Oaxaca,310,San Pedro Ixtlahuaca,14552
20,Oaxaca,311,San Pedro Jaltepetongo,483
20,Oaxaca,312,San Pedro Jicayán,11279
20,Oaxaca,313,San Pedro Jocotipac,730
20,Oaxaca,314,San Pedro Juchatengo,1755
20,Oaxaca,315,San Pedro Mártir,1899
20,Oaxaca,316,San Pedro Mártir Quiechapa,738
20,Oaxaca,317,San Pedro Mártir Yucuxaco,1257
20,Oaxaca,318,San Pedro Mixtepec,49780
20,Oaxaca,319,San Pedro Mixtepec,972
20,Oaxaca,320,San Pedro Molinos,706
20,Oaxaca,321,San Pedro Nopala,751
20,Oaxaca,322,San Pedro Ocopetatillo,786
20,Oaxaca,323,San Pedro Ocotepec,2404
20,Oaxaca,324,San Pedro Pochutla,48204
20,Oaxaca,325,San Pedro Quiatoni,11930
20,Oaxaca,326,San Pedro Sochiápam,5052
20,Oaxaca,327,San Pedro Tapanatepec,15479
20,Oaxaca,328,San Pedro Taviche,1441
20,Oaxaca,329,San Pedro Teozacoalco,1153
20,Oaxaca,330,San Pedro Teutila,4296
20,Oaxaca,331,San Pedro Tidaá,982
20,Oaxaca,332,San Pedro Topiltepec,373
20,Oaxaca,333,San Pedro Totolápam,3294
20,Oaxaca,334,Villa de Tututepec,50541
20,Oaxaca,335,San Pedro Yaneri,867
20,Oaxaca,336,San Pedro Yólox,1697
20,Oaxaca,337,San Pedro y San Pablo Ayutla,5616
20,Oaxaca,338,Villa de Etla,10361
20,Oaxaca,339,San Pedro y San Pablo Teposcolula,4353
20,Oaxaca,340,San Pedro y San Pablo Tequixtepec,1747
20,Oaxaca,341,San Pedro Yucunama,241
20,Oaxaca,342,San Raymundo Jalpan,4105
20,Oaxaca,343,San Sebastián Abasolo,1999
20,Oaxaca,344,San Sebastián Coatlán,2809
20,Oaxaca,345,San Sebastián Ixcapa,4188
20,Oaxaca,346,San Sebastián Nicananduta,1542
20,Oaxaca,347,San Sebastián Río Hondo,4202
20,Oaxaca,348,San Sebastián Tecomaxtlahuaca,8192
20,Oaxaca,349,San Sebastián Teitipac,2189
20,Oaxaca,350,San Sebastián Tutla,16878
20,Oaxaca,351,San Simón Almolongas,2802
20,Oaxaca,352,San Simón Zahuatlán,4940
20,Oaxaca,353,Santa Ana,2406
20,Oaxaca,354,Santa Ana Ateixtlahuaca,477
20,Oaxaca,355,Santa Ana Cuauhtémoc,681
20,Oaxaca,356,Santa Ana del Valle,2179
20,Oaxaca,357,Santa Ana Tavela,848
20,Oaxaca,358,Santa Ana Tlapacoyan,1958
20,Oaxaca,359,Santa Ana Yareni,637
20,Oaxaca,360,Santa Ana Zegache,3981
20,Oaxaca,361,Santa Catalina Quierí,825
20,Oaxaca,362,Santa Catarina Cuixtla,1495
20,Oaxaca,363,Santa Catarina Ixtepeji,2675
20,Oaxaca,364,Santa Catarina Juquila,18654
20,Oaxaca,365,Santa Catarina Lachatao,1059
20,Oaxaca,366,Santa Catarina Loxicha,3676
20,Oaxaca,367,Santa Catarina Mechoacán,4582
20,Oaxaca,368,Santa Catarina Minas,2067
20,Oaxaca,369,Santa Catarina Quiané,2193
20,Oaxaca,370,Santa Catarina Tayata,662
20,Oaxaca,371,Santa Catarina Ticuá,986
20,Oaxaca,372,Santa Catarina Yosonotú,1316
20,Oaxaca,373,Santa Catarina Zapoquila,403
20,Oaxaca,374,Santa Cruz Acatepec,1645
20,Oaxaca,375,Santa Cruz Amilpas,13200
20,Oaxaca,376,Santa Cruz de Bravo,365
20,Oaxaca,377,Santa Cruz Itundujia,10860
20,Oaxaca,378,Santa Cruz Mixtepec,3720
20,Oaxaca,379,Santa Cruz Nundaco,2951
20,Oaxaca,380,Santa Cruz Papalutla,2242
20,Oaxaca,381,Santa Cruz Tacache de Mina,2940
20,Oaxaca,382,Santa Cruz Tacahua,1182
20,Oaxaca,383,Santa Cruz Tayata,595
20,Oaxaca,384,Santa Cruz Xitla,4794
20,Oaxaca,385,Santa Cruz Xoxocotlán,100402
20,Oaxaca,386,Santa Cruz Zenzontepec,19079
20,Oaxaca,387,Santa Gertrudis,2891
20,Oaxaca,388,Santa Inés del Monte,2809
20,Oaxaca,389,Santa Inés Yatzeche,908
20,Oaxaca,390,Santa Lucía del Camino,50362
20,Oaxaca,391,Santa Lucía Miahuatlán,3375
20,Oaxaca,392,Santa Lucía Monteverde,6726
20,Oaxaca,393,Santa Lucía Ocotlán,4173
20,Oaxaca,394,Santa María Alotepec,2796
20,Oaxaca,395,Santa María Apazco,1629
20,Oaxaca,396,Santa María la Asunción,3259
20,Oaxaca,397,Heroica Ciudad de Tlaxiaco,40123
20,Oaxaca,398,Ayoquezco de Aldama,4874
20,Oaxaca,399,Santa María Atzompa,41921
20,Oaxaca,400,Santa María Camotlán,1713
20,Oaxaca,401,Santa María Colotepec,27046
20,Oaxaca,402,Santa María Cortijo,1067
20,Oaxaca,403,Santa María Coyotepec,3751
20,Oaxaca,404,Santa María Chachoápam,761
20,Oaxaca,405,Villa de Chilapa de Díaz,1815
20,Oaxaca,406,Santa María Chilchotla,21469
20,Oaxaca,407,Santa María Chimalapa,9578
20,Oaxaca,408,Santa María del Rosario,499
20,Oaxaca,409,Santa María del Tule,8939
20,Oaxaca,410,Santa María Ecatepec,3418
20,Oaxaca,411,Santa María Guelacé,908
20,Oaxaca,412,Santa María Guienagati,3178
20,Oaxaca,413,Santa María Huatulco,50862
20,Oaxaca,414,Santa María Huazolotitlán,11995
20,Oaxaca,415,Santa María Ipalapa,4878
20,Oaxaca,416,Santa María Ixcatlán,461
20,Oaxaca,417,Santa María Jacatepec,9682
20,Oaxaca,418,Santa María Jalapa del Marqués,11735
20,Oaxaca,419,Santa María Jaltianguis,592
20,Oaxaca,420,Santa María Lachixío,1679
20,Oaxaca,421,Santa María Mixtequilla,4690
20,Oaxaca,422,Santa María Nativitas,603
20,Oaxaca,423,Santa María Nduayaco,453
20,Oaxaca,424,Santa María Ozolotepec,3793
20,Oaxaca,425,Santa María Pápalo,2058
20,Oaxaca,426,Santa María Peñoles,8967
20,Oaxaca,427,Santa María Petapa,16706
20,Oaxaca,428,Santa María Quiegolani,2224
20,Oaxaca,429,Santa María Sola,1516
20,Oaxaca,430,Santa María Tataltepec,317
20,Oaxaca,431,Santa María Tecomavaca,1830
20,Oaxaca,432,Santa María Temaxcalapa,903
20,Oaxaca,433,Santa María Temaxcaltepec,2694
20,Oaxaca,434,Santa María Teopoxco,3985
20,Oaxaca,435,Santa María Tepantlali,3576
20,Oaxaca,436,Santa María Texcatitlán,896
20,Oaxaca,437,Santa María Tlahuitoltepec,9653
20,Oaxaca,438,Santa María Tlalixtac,1839
20,Oaxaca,439,Santa María Tonameca,25347
20,Oaxaca,440,Santa María Totolapilla,812
20,Oaxaca,441,Santa María Xadani,9234
20,Oaxaca,442,Santa María Yalina,250
20,Oaxaca,443,Santa María Yavesía,434
20,Oaxaca,444,Santa María Yolotepec,481
20,Oaxaca,445,Santa María Yosoyúa,1699
20,Oaxaca,446,Santa María Yucuhiti,6008
20,Oaxaca,447,Santa María Zacatepec,17100
20,Oaxaca,448,Santa María Zaniza,2469
20,Oaxaca,449,Santa María Zoquitlán,3294
20,Oaxaca,450,Santiago Amoltepec,13855
20,Oaxaca,451,Santiago Apoala,1019
20,Oaxaca,452,Santiago Apóstol,4421
20,Oaxaca,453,Santiago Astata,3918
20,Oaxaca,454,Santiago Atitlán,3556
20,Oaxaca,455,Santiago Ayuquililla,2904
20,Oaxaca,456,Santiago Cacaloxtepec,1667
20,Oaxaca,457,Santiago Camotlán,3346
20,Oaxaca,458,Santiago Comaltepec,1157
20,Oaxaca,459,Villa de Santiago Chazumba,4877
20,Oaxaca,460,Santiago Choápam,5242
20,Oaxaca,461,Santiago del Río,527
20,Oaxaca,462,Santiago Huajolotitlán,4600
20,Oaxaca,463,Santiago Huauclilla,525
20,Oaxaca,464,Santiago Ihuitlán Plumas,341
20,Oaxaca,465,Santiago Ixcuintepec,1636
20,Oaxaca,466,Santiago Ixtayutla,13880
20,Oaxaca,467,Santiago Jamiltepec,19112
20,Oaxaca,468,Santiago Jocotepec,14198
20,Oaxaca,469,Santiago Juxtlahuaca,34735
20,Oaxaca,470,Santiago Lachiguiri,4394
20,Oaxaca,471,Santiago Lalopa,431
20,Oaxaca,472,Santiago Laollaga,3361
20,Oaxaca,473,Santiago Laxopa,1291
20,Oaxaca,474,Santiago Llano Grande,3440
20,Oaxaca,475,Santiago Matatlán,10175
20,Oaxaca,476,Santiago Miltepec,421
20,Oaxaca,477,Santiago Minas,1327
20,Oaxaca,478,Santiago Nacaltepec,1599
20,Oaxaca,479,Santiago Nejapilla,174
20,Oaxaca,480,Santiago Nundiche,1351
20,Oaxaca,481,Santiago Nuyoó,1898
20,Oaxaca,482,Santiago Pinotepa Nacional,55840
20,Oaxaca,483,Santiago Suchilquitongo,10886
20,Oaxaca,484,Santiago Tamazola,4458
20,Oaxaca,485,Santiago Tapextla,3134
20,Oaxaca,486,Villa Tejúpam de la Unión,2419
20,Oaxaca,487,Santiago Tenango,1966
20,Oaxaca,488,Santiago Tepetlapa,130
20,Oaxaca,489,Santiago Tetepec,4909
20,Oaxaca,490,Santiago Texcalcingo,2974
20,Oaxaca,491,Santiago Textitlán,4930
20,Oaxaca,492,Santiago Tilantongo,2764
20,Oaxaca,493,Santiago Tillo,545
20,Oaxaca,494,Santiago Tlazoyaltepec,6300
20,Oaxaca,495,Santiago Xanica,3029
20,Oaxaca,496,Santiago Xiacuí,1893
20,Oaxaca,497,Santiago Yaitepec,4233
20,Oaxaca,498,Santiago Yaveo,7593
20,Oaxaca,499,Santiago Yolomécatl,1922
20,Oaxaca,500,Santiago Yosondúa,7991
20,Oaxaca,501,Santiago Yucuyachi,998
20,Oaxaca,502,Santiago Zacatepec,5089
20,Oaxaca,503,Santiago Zoochila,425
20,Oaxaca,504,Nuevo Zoquiápam,1590
20,Oaxaca,505,Santo Domingo Ingenio,7681
20,Oaxaca,506,Santo Domingo Albarradas,798
20,Oaxaca,507,Santo Domingo Armenta,3155
20,Oaxaca,508,Santo Domingo Chihuitán,1618
20,Oaxaca,509,Santo Domingo de Morelos,11384
20,Oaxaca,510,Santo Domingo Ixcatlán,760
20,Oaxaca,511,Santo Domingo Nuxaá,3335
20,Oaxaca,512,Santo Domingo Ozolotepec,1101
20,Oaxaca,513,Santo Domingo Petapa,9027
20,Oaxaca,514,Santo Domingo Roayaga,941
20,Oaxaca,515,Santo Domingo Tehuantepec,67739
20,Oaxaca,516,Santo Domingo Teojomulco,5260
20,Oaxaca,517,Santo Domingo Tepuxtepec,6029
20,Oaxaca,518,Santo Domingo Tlatayápam,113
20,Oaxaca,519,Santo Domingo Tomaltepec,3386
20,Oaxaca,520,Santo Domingo Tonalá,7393
20,Oaxaca,521,Santo Domingo Tonaltepec,250
20,Oaxaca,522,Santo Domingo Xagacía,1205
20,Oaxaca,523,Santo Domingo Yanhuitlán,1633
20,Oaxaca,524,Santo Domingo Yodohino,327
20,Oaxaca,525,Santo Domingo Zanatepec,12483
20,Oaxaca,526,Santos Reyes Nopala,16688
20,Oaxaca,527,Santos Reyes Pápalo,2490
20,Oaxaca,528,Santos Reyes Tepejillo,904
20,Oaxaca,529,Santos Reyes Yucuná,1474
20,Oaxaca,530,Santo Tomás Jalieza,3923
20,Oaxaca,531,Santo Tomás Mazaltepec,2612
20,Oaxaca,532,Santo Tomás Ocotepec,4066
20,Oaxaca,533,Santo Tomás Tamazulapan,2726
20,Oaxaca,534,San Vicente Coatlán,3512
20,Oaxaca,535,San Vicente Lachixío,3227
20,Oaxaca,536,San Vicente Nuñú,449
20,Oaxaca,537,Silacayoápam,6710
20,Oaxaca,538,Sitio de Xitlapehua,713
20,Oaxaca,539,Soledad Etla,6348
20,Oaxaca,540,Villa de Tamazulápam del Progreso,8326
20,Oaxaca,541,Tanetze de Zaragoza,1558
20,Oaxaca,542,Taniche,887
20,Oaxaca,543,Tataltepec de Valdés,6386
20,Oaxaca,544,Teococuilco de Marcos Pérez,1032
20,Oaxaca,545,Teotitlán de Flores Magón,10099
20,Oaxaca,546,Teotitlán del Valle,6392
20,Oaxaca,547,Teotongo,1005
20,Oaxaca,548,Tepelmeme Villa de Morelos,1960
20,Oaxaca,549,"Heroica Villa Tezoatlán de Segura y Luna, Cuna de la Independencia de Oaxaca",11465
20,Oaxaca,550,San Jerónimo Tlacochahuaya,5764
20,Oaxaca,551,Tlacolula de Matamoros,30254
20,Oaxaca,552,Tlacotepec Plumas,410
20,Oaxaca,553,Tlalixtac de Cabrera,12067
20,Oaxaca,554,Totontepec Villa de Morelos,5904
20,Oaxaca,555,Trinidad Zaachila,3419
20,Oaxaca,556,La Trinidad Vista Hermosa,306
20,Oaxaca,557,Unión Hidalgo,14542
20,Oaxaca,558,Valerio Trujano,1376
20,Oaxaca,559,San Juan Bautista Valle Nacional,23067
20,Oaxaca,560,Villa Díaz Ordaz,6467
20,Oaxaca,561,Yaxe,2954
20,Oaxaca,562,Magdalena Yodocono de Porfirio Díaz,1682
20,Oaxaca,563,Yogana,1245
20,Oaxaca,564,Yutanduchi de Guerrero,1195
20,Oaxaca,565,Villa de Zaachila,46464
20,Oaxaca,566,San Mateo Yucutindoo,3144
20,Oaxaca,567,Zapotitlán Lagunas,3382
20,Oaxaca,568,Zapotitlán Palmas,1695
20,Oaxaca,569,Santa Inés de Zaragoza,1454
20,Oaxaca,570,Zimatlán de Álvarez,22093
21,Puebla,1,Acajete,72894
21,Puebla,2,Acateno,9170
21,Puebla,3,Acatlán,37955
21,Puebla,4,Acatzingo,63743
21,Puebla,5,Acteopan,3070
21,Puebla,6,Ahuacatlán,14542
21,Puebla,7,Ahuatlán,3162
21,Puebla,8,Ahuazotepec,11439
21,Puebla,9,Ahuehuetitla,2207
21,Puebla,10,Ajalpan,74768
21,Puebla,11,Albino Zertuche,1885
21,Puebla,12,Aljojuca,6591
21,Puebla,13,Altepexi,22629
21,Puebla,14,Amixtlán,4812
21,Puebla,15,Amozoc,125876
21,Puebla,16,Aquixtla,9021
21,Puebla,17,Atempan,29742
21,Puebla,18,Atexcal,3859
21,Puebla,19,Atlixco,141793
21,Puebla,20,Atoyatempan,7704
21,Puebla,21,Atzala,1512
21,Puebla,22,Atzitzihuacán,12857
21,Puebla,23,Atzitzintla,9051
21,Puebla,24,Axutla,976
21,Puebla,25,Ayotoxco de Guerrero,8208
21,Puebla,26,Calpan,15271
21,Puebla,27,Caltepec,4128
21,Puebla,28,Camocuautla,2758
21,Puebla,29,Caxhuacan,3811
21,Puebla,30,Coatepec,772
21,Puebla,31,Coatzingo,2820
21,Puebla,32,Cohetzala,1382
21,Puebla,33,Cohuecan,5403
21,Puebla,34,Coronango,46836
21,Puebla,35,Coxcatlán,20653
21,Puebla,36,Coyomeapan,14806
21,Puebla,37,Coyotepec,2334
21,Puebla,38,Cuapiaxtla de Madero,10542
21,Puebla,39,Cuautempan,9837
21,Puebla,40,Cuautinchán,12340
21,Puebla,41,Cuautlancingo,137435
21,Puebla,42,Cuayuca de Andrade,3315
21,Puebla,43,Cuetzalan del Progreso,49864
21,Puebla,44,Cuyoaco,17139
21,Puebla,45,Chalchicomula de Sesma,47410
21,Puebla,46,Chapulco,8193
21,Puebla,47,Chiautla,21699
21,Puebla,48,Chiautzingo,22039
21,Puebla,49,Chiconcuautla,17382
21,Puebla,50,Chichiquila,26928
21,Puebla,51,Chietla,37030
21,Puebla,52,Chigmecatitlán,1215
21,Puebla,53,Chignahuapan,66464
21,Puebla,54,Chignautla,35223
21,Puebla,55,Chila,5082
21,Puebla,56,Chila de la Sal,1317
21,Puebla,57,Honey,6687
21,Puebla,58,Chilchotla,21002
21,Puebla,59,Chinantla,2846
21,Puebla,60,Domingo Arenas,7982
21,Puebla,61,Eloxochitlán,14461
21,Puebla,62,Epatlán,4943
21,Puebla,63,Esperanza,14766
21,Puebla,64,Francisco Z. Mena,17824
21,Puebla,65,General Felipe Ángeles,22694
21,Puebla,66,Guadalupe,6451
21,Puebla,67,Guadalupe Victoria,18784
21,Puebla,68,Hermenegildo Galeana,7011
21,Puebla,69,Huaquechula,29233
21,Puebla,70,Huatlatlauca,6111
21,Puebla,71,Huauchinango,103946
21,Puebla,72,Huehuetla,17082
21,Puebla,73,Huehuetlán el Chico,9760
21,Puebla,74,Huejotzingo,90794
21,Puebla,75,Hueyapan,13080
21,Puebla,76,Hueytamalco,27600
21,Puebla,77,Hueytlalpan,5951
21,Puebla,78,Huitzilan de Serdán,15928
21,Puebla,79,Huitziltepec,5782
21,Puebla,80,Atlequizayan,2633
21,Puebla,81,Ixcamilpa de Guerrero,4065
21,Puebla,82,Ixcaquixtla,8804
21,Puebla,83,Ixtacamaxtitlán,25319
21,Puebla,84,Ixtepec,6950
21,Puebla,85,Izúcar de Matamoros,82809
21,Puebla,86,Jalpan,12050
21,Puebla,87,Jolalpan,13308
21,Puebla,88,Jonotla,4457
21,Puebla,89,Jopala,12131
21,Puebla,90,Juan C. Bonilla,23783
21,Puebla,91,Juan Galindo,9828
21,Puebla,92,Juan N. Méndez,5293
21,Puebla,93,Lafragua,7650
21,Puebla,94,Libres,37257
21,Puebla,95,La Magdalena Tlatlauquitepec,650
21,Puebla,96,Mazapiltepec de Juárez,3176
21,Puebla,97,Mixtla,2668
21,Puebla,98,Molcaxac,6668
21,Puebla,99,Cañada Morelos,20659
21,Puebla,100,Naupan,9310
21,Puebla,101,Nauzontla,3317
21,Puebla,102,Nealtican,14075
21,Puebla,103,Nicolás Bravo,6644
21,Puebla,104,Nopalucan,32772
21,Puebla,105,Ocotepec,5077
21,Puebla,106,Ocoyucan,42669
21,Puebla,107,Olintla,11993
21,Puebla,108,Oriental,19903
21,Puebla,109,Pahuatlán,20274
21,Puebla,110,Palmar de Bravo,50226
21,Puebla,111,Pantepec,18528
21,Puebla,112,Petlalcingo,9350
21,Puebla,113,Piaxtla,4627
21,Puebla,114,Puebla,1692181
21,Puebla,115,Quecholac,57992
21,Puebla,116,Quimixtlán,22855
21,Puebla,117,Rafael Lara Grajales,15952
21,Puebla,118,Los Reyes de Juárez,30021
21,Puebla,119,San Andrés Cholula,154448
21,Puebla,120,San Antonio Cañada,5938
21,Puebla,121,San Diego la Mesa Tochimiltzingo,1270
21,Puebla,122,San Felipe Teotlalcingo,11063
21,Puebla,123,San Felipe Tepatlán,3793
21,Puebla,124,San Gabriel Chilac,15954
21,Puebla,125,San Gregorio Atzompa,9671
21,Puebla,126,San Jerónimo Tecuanipan,6597
21,Puebla,127,San Jerónimo Xayacatlán,3606
21,Puebla,128,San José Chiapa,10443
21,Puebla,129,San José Miahuatlán,14018
21,Puebla,130,San Juan Atenco,3604
21,Puebla,131,San Juan Atzompa,975
21,Puebla,132,San Martín Texmelucan,155738
21,Puebla,133,San Martín Totoltepec,692
21,Puebla,134,San Matías Tlalancaleca,20974
21,Puebla,135,San Miguel Ixitlán,526
21,Puebla,136,San Miguel Xoxtla,12461
21,Puebla,137,San Nicolás Buenos Aires,10464
21,Puebla,138,San Nicolás de los Ranchos,11780
21,Puebla,139,San Pablo Anicano,3759
21,Puebla,140,San Pedro Cholula,138433
21,Puebla,141,San Pedro Yeloixtlahuaca,3488
21,Puebla,142,San Salvador el Seco,30639
21,Puebla,143,San Salvador el Verde,34880
21,Puebla,144,San Salvador Huixcolotla,16790
21,Puebla,145,San Sebastián Tlacotepec,13189
21,Puebla,146,Santa Catarina Tlaltempan,749
21,Puebla,147,Santa Inés Ahuatempan,6341
21,Puebla,148,Santa Isabel Cholula,11498
21,Puebla,149,Santiago Miahuatlán,30309
21,Puebla,150,Huehuetlán el Grande,6105
21,Puebla,151,Santo Tomás Hueyotlipan,9315
21,Puebla,152,Soltepec,12631
21,Puebla,153,Tecali de Herrera,23625
21,Puebla,154,Tecamachalco,80771
21,Puebla,155,Tecomatlán,6830
21,Puebla,156,Tehuacán,327312
21,Puebla,157,Tehuitzingo,12672
21,Puebla,158,Tenampulco,6743
21,Puebla,159,Teopantlán,3836
21,Puebla,160,Teotlalco,3689
21,Puebla,161,Tepanco de López,22218
21,Puebla,162,Tepango de Rodríguez,4155
21,Puebla,163,Tepatlaxco de Hidalgo,18854
21,Puebla,164,Tepeaca,84270
21,Puebla,165,Tepemaxalco,1216
21,Puebla,166,Tepeojuma,8918
21,Puebla,167,Tepetzintla,10373
21,Puebla,168,Tepexco,7523
21,Puebla,169,Tepexi de Rodríguez,22331
21,Puebla,170,Tepeyahualco,19200
21,Puebla,171,Tepeyahualco de Cuauhtémoc,3851
21,Puebla,172,Tetela de Ocampo,27216
21,Puebla,173,Teteles de Avila Castillo,6653
21,Puebla,174,Teziutlán,103583
21,Puebla,175,Tianguismanalco,14432
21,Puebla,176,Tilapa,9664
21,Puebla,177,Tlacotepec de Benito Juárez,54757
21,Puebla,178,Tlacuilotepec,15977
21,Puebla,179,Tlachichuca,31639
21,Puebla,180,Tlahuapan,41547
21,Puebla,181,Tlaltenango,7425
21,Puebla,182,Tlanepantla,5390
21,Puebla,183,Tlaola,20433
21,Puebla,184,Tlapacoya,6422
21,Puebla,185,Tlapanalá,10344
21,Puebla,186,Tlatlauquitepec,55576
21,Puebla,187,Tlaxco,4934
21,Puebla,188,Tochimilco,19315
21,Puebla,189,Tochtepec,22454
21,Puebla,190,Totoltepec de Guerrero,1187
21,Puebla,191,Tulcingo,9871
21,Puebla,192,Tuzamapan de Galeana,5924
21,Puebla,193,Tzicatlacoyan,6476
21,Puebla,194,Venustiano Carranza,28395
21,Puebla,195,Vicente Guerrero,26559
21,Puebla,196,Xayacatlán de Bravo,1570
21,Puebla,197,Xicotepec,80591
21,Puebla,198,Xicotlán,1312
21,Puebla,199,Xiutetelco,42943
21,Puebla,200,Xochiapulco,3443
21,Puebla,201,Xochiltepec,3375
21,Puebla,202,Xochitlán de Vicente Suárez,13025
21,Puebla,203,Xochitlán Todos Santos,7178
21,Puebla,204,Yaonáhuac,7926
21,Puebla,205,Yehualtepec,26392
21,Puebla,206,Zacapala,4647
21,Puebla,207,Zacapoaxtla,57887
21,Puebla,208,Zacatlán,87361
21,Puebla,209,Zapotitlán,8595
21,Puebla,210,Zapotitlán de Méndez,5675
21,Puebla,211,Zaragoza,16752
21,Puebla,212,Zautla,20717
21,Puebla,213,Zihuateutla,11967
21,Puebla,214,Zinacatepec,18359
21,Puebla,215,Zongozotla,4539
21,Puebla,216,Zoquiapan,2452
21,Puebla,217,Zoquitlán,20335
22,Querétaro,1,Amealco de Bonfil,66841
22,Querétaro,2,Pinal de Amoles,27365
22,Querétaro,3,Arroyo Seco,13142
22,Querétaro,4,Cadereyta de Montes,69075
22,Querétaro,5,Colón,67121
22,Querétaro,6,Corregidora,212567
22,Querétaro,7,Ezequiel Montes,45141
22,Querétaro,8,Huimilpan,36808
22,Querétaro,9,Jalpan de Serra,27343
22,Querétaro,10,Landa de Matamoros,18794
22,Querétaro,11,El Marqués,231668
22,Querétaro,12,Pedro Escobedo,77404
22,Querétaro,13,Peñamiller,19141
22,Querétaro,14,Querétaro,1049777
22,Querétaro,15,San Joaquín,8359
22,Querétaro,16,San Juan del Río,297804
22,Querétaro,17,Tequisquiapan,72201
22,Querétaro,18,Tolimán,27916
23,Quintana Roo,1,Cozumel,88626
23,Quintana Roo,2,Felipe Carrillo Puerto,83990
23,Quintana Roo,3,Isla Mujeres,22686
23,Quintana Roo,4,Othón P. Blanco,233648
23,Quintana Roo,5,Benito Juárez,911503
23,Quintana Roo,6,José María Morelos,39165
23,Quintana Roo,7,Lázaro Cárdenas,29171
23,Quintana Roo,8,Solidaridad,333800
23,Quintana Roo,9,Tulum,46721
23,Quintana Roo,10,Bacalar,41754
23,Quintana Roo,11,Puerto Morelos,26921
24,San Luis Potosí,1,Ahualulco,18974
24,San Luis Potosí,2,Alaquines,7785
24,San Luis Potosí,3,Aquismón,48359
24,San Luis Potosí,4,Armadillo de los Infante,4013
24,San Luis Potosí,5,Cárdenas,18317
24,San Luis Potosí,6,Catorce,9579
24,San Luis Potosí,7,Cedral,19840
24,San Luis Potosí,8,Cerritos,22075
24,San Luis Potosí,9,Cerro de San Pedro,5050
24,San Luis Potosí,10,Ciudad del Maíz,30320
24,San Luis Potosí,11,Ciudad Fernández,48106
24,San Luis Potosí,12,Tancanhuitz,20300
24,San Luis Potosí,13,Ciudad Valles,179371
24,San Luis Potosí,14,Coxcatlán,15660
24,San Luis Potosí,15,Charcas,21814
24,San Luis Potosí,16,Ebano,40899
24,San Luis Potosí,17,Guadalcázar,25119
24,San Luis Potosí,18,Huehuetlán,15334
24,San Luis Potosí,19,Lagunillas,5453
24,San Luis Potosí,20,Matehuala,102199
24,San Luis Potosí,21,Mexquitic de Carmona,58469
24,San Luis Potosí,22,Moctezuma,19036
24,San Luis Potosí,23,Rayón,15301
24,San Luis Potosí,24,Rioverde,97943
24,San Luis Potosí,25,Salinas,31107
24,San Luis Potosí,26,San Antonio,9382
24,San Luis Potosí,27,San Ciro de Acosta,10215
24,San Luis Potosí,28,San Luis Potosí,911908
24,San Luis Potosí,29,San Martín Chalchicuautla,18468
24,San Luis Potosí,30,San Nicolás Tolentino,4779
24,San Luis Potosí,31,Santa Catarina,12163
24,San Luis Potosí,32,Santa María del Río,39880
24,San Luis Potosí,33,Santo Domingo,10785
24,San Luis Potosí,34,San Vicente Tancuayalab,14945
24,San Luis Potosí,35,Soledad de Graciano Sánchez,332072
24,San Luis Potosí,36,Tamasopo,29184
24,San Luis Potosí,37,Tamazunchale,95037
24,San Luis Potosí,38,Tampacán,14348
24,San Luis Potosí,39,Tampamolón Corona,13603
24,San Luis Potosí,40,Tamuín,36968
24,San Luis Potosí,41,Tanlajás,18208
24,San Luis Potosí,42,Tanquián de Escobedo,13448
24,San Luis Potosí,43,Tierra Nueva,7966
24,San Luis Potosí,44,Vanegas,7557
24,San Luis Potosí,45,Venado,14188
24,San Luis Potosí,46,Villa de Arriaga,18206
24,San Luis Potosí,47,Villa de Guadalupe,9277
24,San Luis Potosí,48,Villa de la Paz,5298
24,San Luis Potosí,49,Villa de Ramos,38389
24,San Luis Potosí,50,Villa de Reyes,52912
24,San Luis Potosí,51,Villa Hidalgo,15458
24,San Luis Potosí,52,Villa Juárez,10304
24,San Luis Potosí,53,Axtla de Terrazas,32544
24,San Luis Potosí,54,Xilitla,49741
24,San Luis Potosí,55,Zaragoza,27386
24,San Luis Potosí,56,Villa de Arista,17258
24,San Luis Potosí,57,Matlapa,28996
24,San Luis Potosí,58,El Naranjo,20959
25,Sinaloa,1,Ahome,459310
25,Sinaloa,2,Angostura,44093
25,Sinaloa,3,Badiraguato,26542
25,Sinaloa,4,Concordia,24899
25,Sinaloa,5,Cosalá,17012
25,Sinaloa,6,Culiacán,1003530
25,Sinaloa,7,Choix,29334
25,Sinaloa,8,Elota,55339
25,Sinaloa,9,Escuinapa,59988
25,Sinaloa,10,El Fuerte,96593
25,Sinaloa,11,Guasave,289370
25,Sinaloa,12,Mazatlán,501441
25,Sinaloa,13,Mocorito,40358
25,Sinaloa,14,Rosario,52345
25,Sinaloa,15,Salvador Alvarado,79492
25,Sinaloa,16,San Ignacio,19505
25,Sinaloa,17,Sinaloa,78670
25,Sinaloa,18,Navolato,149122
26,Sonora,1,Aconchi,2563
26,Sonora,2,Agua Prieta,91929
26,Sonora,3,Alamos,24976
26,Sonora,4,Altar,9492
26,Sonora,5,Arivechi,1177
26,Sonora,6,Arizpe,2788
26,Sonora,7,Atil,626
26,Sonora,8,Bacadéhuachi,979
26,Sonora,9,Bacanora,759
26,Sonora,10,Bacerac,1221
26,Sonora,11,Bacoachi,1475
26,Sonora,12,Bácum,23151
26,Sonora,13,Banámichi,1825
26,Sonora,14,Baviácora,3191
26,Sonora,15,Bavispe,1169
26,Sonora,16,Benjamín Hill,4988
26,Sonora,17,Caborca,89122
26,Sonora,18,Cajeme,436484
26,Sonora,19,Cananea,39451
26,Sonora,20,Carbó,4946
26,Sonora,21,La Colorada,1848
26,Sonora,22,Cucurpe,863
26,Sonora,23,Cumpas,5829
26,Sonora,24,Divisaderos,753
26,Sonora,25,Empalme,51431
26,Sonora,26,Etchojoa,61309
26,Sonora,27,Fronteras,9041
26,Sonora,28,Granados,1009
26,Sonora,29,Guaymas,156863
26,Sonora,30,Hermosillo,936263
26,Sonora,31,Huachinera,1186
26,Sonora,32,Huásabas,888
26,Sonora,33,Huatabampo,77682
26,Sonora,34,Huépac,943
26,Sonora,35,Imuris,12536
26,Sonora,36,Magdalena,33049
26,Sonora,37,Mazatán,1101
26,Sonora,38,Moctezuma,5173
26,Sonora,39,Naco,5774
26,Sonora,40,Nácori Chico,1531
26,Sonora,41,Nacozari de García,14369
26,Sonora,42,Navojoa,164387
26,Sonora,43,Nogales,264782
26,Sonora,44,Onavas,365
26,Sonora,45,Opodepe,2438
26,Sonora,46,Oquitoa,496
26,Sonora,47,Pitiquito,9122
26,Sonora,48,Puerto Peñasco,62689
26,Sonora,49,Quiriego,3090
26,Sonora,50,Rayón,1496
26,Sonora,51,Rosario,4830
26,Sonora,52,Sahuaripa,5257
26,Sonora,53,San Felipe de Jesús,369
26,Sonora,54,San Javier,537
26,Sonora,55,San Luis Río Colorado,199021
26,Sonora,56,San Miguel de Horcasitas,10729
26,Sonora,57,San Pedro de la Cueva,1458
26,Sonora,58,Santa Ana,16203
26,Sonora,59,Santa Cruz,1835
26,Sonora,60,Sáric,2058
26,Sonora,61,Soyopa,1368
26,Sonora,62,Suaqui Grande,1114
26,Sonora,63,Tepache,1178
26,Sonora,64,Trincheras,1381
26,Sonora,65,Tubutama,1473
26,Sonora,66,Ures,8548
26,Sonora,67,Villa Hidalgo,1429
26,Sonora,68,Villa Pesqueira,1043
26,Sonora,69,Yécora,4793
26,Sonora,70,General Plutarco Elías Calles,13627
26,Sonora,71,Benito Juárez,21692
26,Sonora,72,San Ignacio Río Muerto,14279
27,Tabasco,1,Balancán,58524
27,Tabasco,2,Cárdenas,243229
27,Tabasco,3,Centla,107731
27,Tabasco,4,Centro,683607
27,Tabasco,5,Comalcalco,214877
27,Tabasco,6,Cunduacán,137257
27,Tabasco,7,Emiliano Zapata,32181
27,Tabasco,8,Huimanguillo,190885
27,Tabasco,9,Jalapa,37749
27,Tabasco,10,Jalpa de Méndez,91185
27,Tabasco,11,Jonuta,30798
27,Tabasco,12,Macuspana,158601
27,Tabasco,13,Nacajuca,150300
27,Tabasco,14,Paraíso,96741
27,Tabasco,15,Tacotalpa,47905
27,Tabasco,16,Teapa,58718
27,Tabasco,17,Tenosique,62310
28,Tamaulipas,1,Abasolo,9822
28,Tamaulipas,2,Aldama,28725
28,Tamaulipas,3,Altamira,269790
28,Tamaulipas,4,Antiguo Morelos,8850
28,Tamaulipas,5,Burgos,4256
28,Tamaulipas,6,Bustamante,7542
28,Tamaulipas,7,Camargo,16546
28,Tamaulipas,8,Casas,4143
28,Tamaulipas,9,Ciudad Madero,205933
28,Tamaulipas,10,Cruillas,1671
28,Tamaulipas,11,Gómez Farías,8288
28,Tamaulipas,12,González,41470
28,Tamaulipas,13,Güémez,15032
28,Tamaulipas,14,Guerrero,3803
28,Tamaulipas,15,Gustavo Díaz Ordaz,15677
28,Tamaulipas,16,Hidalgo,17012
28,Tamaulipas,17,Jaumave,15994
28,Tamaulipas,18,Jiménez,6375
28,Tamaulipas,19,Llera,14645
28,Tamaulipas,20,Mainero,2048
28,Tamaulipas,21,El Mante,106144
28,Tamaulipas,22,Matamoros,541979
28,Tamaulipas,23,Méndez,4280
28,Tamaulipas,24,Mier,6385
28,Tamaulipas,25,Miguel Alemán,26237
28,Tamaulipas,26,Miquihuana,3704
28,Tamaulipas,27,Nuevo Laredo,425058
28,Tamaulipas,28,Nuevo Morelos,3810
28,Tamaulipas,29,Ocampo,13190
28,Tamaulipas,30,Padilla,13618
28,Tamaulipas,31,Palmillas,1917
28,Tamaulipas,32,Reynosa,704767
28,Tamaulipas,33,Río Bravo,132484
28,Tamaulipas,34,San Carlos,7411
28,Tamaulipas,35,San Fernando,51405
28,Tamaulipas,36,San Nicolás,926
28,Tamaulipas,37,Soto la Marina,23673
28,Tamaulipas,38,Tampico,297562
28,Tamaulipas,39,Tula,28230
28,Tamaulipas,40,Valle Hermoso,60055
28,Tamaulipas,41,Victoria,349688
28,Tamaulipas,42,Villagrán,5361
28,Tamaulipas,43,Xicoténcatl,22229
29,Tlaxcala,1,Amaxac de Guerrero,11403
29,Tlaxcala,2,Apetatitlán de Antonio Carvajal,16003
29,Tlaxcala,3,Atlangatepec,7087
29,Tlaxcala,4,Atltzayanca,18111
29,Tlaxcala,5,Apizaco,80725
29,Tlaxcala,6,Calpulalpan,51172
29,Tlaxcala,7,El Carmen Tequexquitla,17332
29,Tlaxcala,8,Cuapiaxtla,16222
29,Tlaxcala,9,Cuaxomulco,5928
29,Tlaxcala,10,Chiautempan,73215
29,Tlaxcala,11,Muñoz de Domingo Arenas,4755
29,Tlaxcala,12,Españita,9416
29,Tlaxcala,13,Huamantla,98764
29,Tlaxcala,14,Hueyotlipan,15190
29,Tlaxcala,15,Ixtacuixtla de Mariano Matamoros,38970
29,Tlaxcala,16,Ixtenco,7504
29,Tlaxcala,17,Mazatecochco de José María Morelos,11592
29,Tlaxcala,18,Contla de Juan Cuamatzi,38579
29,Tlaxcala,19,Tepetitla de Lardizábal,22274
29,Tlaxcala,20,Sanctórum de Lázaro Cárdenas,9432
29,Tlaxcala,21,Nanacamilpa de Mariano Arista,18686
29,Tlaxcala,22,Acuamanala de Miguel Hidalgo,6432
29,Tlaxcala,23,Natívitas,26309
29,Tlaxcala,24,Panotla,28357
29,Tlaxcala,25,San Pablo del Monte,82688
29,Tlaxcala,26,Santa Cruz Tlaxcala,24116
29,Tlaxcala,27,Tenancingo,12974
29,Tlaxcala,28,Teolocholco,25257
29,Tlaxcala,29,Tepeyanco,13328
29,Tlaxcala,30,Terrenate,15475
29,Tlaxcala,31,Tetla de la Solidaridad,35284
29,Tlaxcala,32,Tetlatlahuca,13561
29,Tlaxcala,33,Tlaxcala,99896
29,Tlaxcala,34,Tlaxco,45438
29,Tlaxcala,35,Tocatlán,6294
29,Tlaxcala,36,Totolac,22529
29,Tlaxcala,37,Ziltlaltépec de Trinidad Sánchez Santos,9207
29,Tlaxcala,38,Tzompantepec,18006
29,Tlaxcala,39,Xaloztoc,25607
29,Tlaxcala,40,Xaltocan,10601
29,Tlaxcala,41,Papalotla de Xicohténcatl,33499
29,Tlaxcala,42,Xicohtzinco,14197
29,Tlaxcala,43,Yauhquemehcan,42242
29,Tlaxcala,44,Zacatelco,45717
29,Tlaxcala,45,Benito Juárez,6211
29,Tlaxcala,46,Emiliano Zapata,4951
29,Tlaxcala,47,Lázaro Cárdenas,3534
29,Tlaxcala,48,La Magdalena Tlaltelulco,19036
29,Tlaxcala,49,San Damián Texóloc,5884
29,Tlaxcala,50,San Francisco Tetlanohcan,11761
29,Tlaxcala,51,San Jerónimo Zacualpan,4092
29,Tlaxcala,52,San José Teacalco,6436
29,Tlaxcala,53,San Juan Huactzinco,7688
29,Tlaxcala,54,San Lorenzo Axocomanitla,5689
29,Tlaxcala,55,San Lucas Tecopilco,3077
29,Tlaxcala,56,Santa Ana Nopalucan,7952
29,Tlaxcala,57,Santa Apolonia Teacalco,4636
29,Tlaxcala,58,Santa Catarina Ayometla,9463
29,Tlaxcala,59,Santa Cruz Quilehtla,7750
29,Tlaxcala,60,Santa Isabel Xiloxoxtla,5443
30,Veracruz de Ignacio de la Llave,1,Acajete,9701
30,Veracruz de Ignacio de la Llave,2,Acatlán,3441
30,Veracruz de Ignacio de la Llave,3,Acayucan,80815
30,Veracruz de Ignacio de la Llave,4,Actopan,41742
30,Veracruz de Ignacio de la Llave,5,Acula,5253
30,Veracruz de Ignacio de la Llave,6,Acultzingo,23100
30,Veracruz de Ignacio de la Llave,7,Camarón de Tejeda,6538
30,Veracruz de Ignacio de la Llave,8,Alpatláhuac,10338
30,Veracruz de Ignacio de la Llave,9,Alto Lucero de Gutiérrez Barrios,28184
30,Veracruz de Ignacio de la Llave,10,Altotonga,64234
30,Veracruz de Ignacio de la Llave,11,Alvarado,57035
30,Veracruz de Ignacio de la Llave,12,Amatitlán,7866
30,Veracruz de Ignacio de la Llave,13,Naranjos Amatlán,26843
30,Veracruz de Ignacio de la Llave,14,Amatlán de los Reyes,46955
30,Veracruz de Ignacio de la Llave,15,Angel R. Cabada,33839
30,Veracruz de Ignacio de la Llave,16,La Antigua,28682
30,Veracruz de Ignacio de la Llave,17,Apazapan,4709
30,Veracruz de Ignacio de la Llave,18,Aquila,1978
30,Veracruz de Ignacio de la Llave,19,Astacinga,6909
30,Veracruz de Ignacio de la Llave,20,Atlahuilco,11577
30,Veracruz de Ignacio de la Llave,21,Atoyac,23461
30,Veracruz de Ignacio de la Llave,22,Atzacan,22651
30,Veracruz de Ignacio de la Llave,23,Atzalan,49180
30,Veracruz de Ignacio de la Llave,24,Tlaltetela,16485
30,Veracruz de Ignacio de la Llave,25,Ayahualulco,27217
30,Veracruz de Ignacio de la Llave,26,Banderilla,25993
30,Veracruz de Ignacio de la Llave,27,Benito Juárez,16120
30,Veracruz de Ignacio de la Llave,28,Boca del Río,144550
30,Veracruz de Ignacio de la Llave,29,Calcahualco,13701
30,Veracruz de Ignacio de la Llave,30,Camerino Z. Mendoza,41835
30,Veracruz de Ignacio de la Llave,31,Carrillo Puerto,18888
30,Veracruz de Ignacio de la Llave,32,Catemaco,49451
30,Veracruz de Ignacio de la Llave,33,Cazones de Herrera,24421
30,Veracruz de Ignacio de la Llave,34,Cerro Azul,25011
30,Veracruz de Ignacio de la Llave,35,Citlaltépetl,11165
30,Veracruz de Ignacio de la Llave,36,Coacoatzintla,11018
30,Veracruz de Ignacio de la Llave,37,Coahuitlán,8176
30,Veracruz de Ignacio de la Llave,38,Coatepec,93911
30,Veracruz de Ignacio de la Llave,39,Coatzacoalcos,310698
30,Veracruz de Ignacio de la Llave,40,Coatzintla,55016
30,Veracruz de Ignacio de la Llave,41,Coetzala,2355
30,Veracruz de Ignacio de la Llave,42,Colipa,5743
30,Veracruz de Ignacio de la Llave,43,Comapa,19876
30,Veracruz de Ignacio de la Llave,44,Córdoba,204721
30,Veracruz de Ignacio de la Llave,45,Cosamaloapan de Carpio,54737
30,Veracruz de Ignacio de la Llave,46,Cosautlán de Carvajal,16167
30,Veracruz de Ignacio de la Llave,47,Coscomatepec,59471
30,Veracruz de Ignacio de la Llave,48,Cosoleacaque,130903
30,Veracruz de Ignacio de la Llave,49,Cotaxtla,22050
30,Veracruz de Ignacio de la Llave,50,Coxquihui,16333
30,Veracruz de Ignacio de la Llave,51,Coyutla,23096
30,Veracruz de Ignacio de la Llave,52,Cuichapa,11869
30,Veracruz de Ignacio de la Llave,53,Cuitláhuac,28075
30,Veracruz de Ignacio de la Llave,54,Chacaltianguis,11461
30,Veracruz de Ignacio de la Llave,55,Chalma,13527
30,Veracruz de Ignacio de la Llave,56,Chiconamel,6610
30,Veracruz de Ignacio de la Llave,57,Chiconquiaco,13881
30,Veracruz de Ignacio de la Llave,58,Chicontepec,53858
30,Veracruz de Ignacio de la Llave,59,Chinameca,22638
30,Veracruz de Ignacio de la Llave,60,Chinampa de Gorostiza,16283
30,Veracruz de Ignacio de la Llave,61,Las Choapas,81080
30,Veracruz de Ignacio de la Llave,62,Chocamán,20839
30,Veracruz de Ignacio de la Llave,63,Chontla,13359
30,Veracruz de Ignacio de la Llave,64,Chumatlán,4008
30,Veracruz de Ignacio de la Llave,65,Emiliano Zapata,85489
30,Veracruz de Ignacio de la Llave,66,Espinal,26830
30,Veracruz de Ignacio de la Llave,67,Filomeno Mata,19179
30,Veracruz de Ignacio de la Llave,68,Fortín,66372
30,Veracruz de Ignacio de la Llave,69,Gutiérrez Zamora,24085
30,Veracruz de Ignacio de la Llave,70,Hidalgotitlán,18275
30,Veracruz de Ignacio de la Llave,71,Huatusco,59920
30,Veracruz de Ignacio de la Llave,72,Huayacocotla,21796
30,Veracruz de Ignacio de la Llave,73,Hueyapan de Ocampo,41670
30,Veracruz de Ignacio de la Llave,74,Huiloapan de Cuauhtémoc,7293
30,Veracruz de Ignacio de la Llave,75,Ignacio de la Llave,16525
30,Veracruz de Ignacio de la Llave,76,Ilamatlán,13377
30,Veracruz de Ignacio de la Llave,77,Isla,42807
30,Veracruz de Ignacio de la Llave,78,Ixcatepec,12379
30,Veracruz de Ignacio de la Llave,79,Ixhuacán de los Reyes,11387
30,Veracruz de Ignacio de la Llave,80,Ixhuatlán del Café,23132
30,Veracruz de Ignacio de la Llave,81,Ixhuatlancillo,27295
30,Veracruz de Ignacio de la Llave,82,Ixhuatlán del Sureste,15831
30,Veracruz de Ignacio de la Llave,83,Ixhuatlán de Madero,50836
30,Veracruz de Ignacio de la Llave,84,Ixmatlahuacan,5574
30,Veracruz de Ignacio de la Llave,85,Ixtaczoquitlán,74004
30,Veracruz de Ignacio de la Llave,86,Jalacingo,46794
30,Veracruz de Ignacio de la Llave,87,Xalapa,488531
30,Veracruz de Ignacio de la Llave,88,Jalcomulco,5054
30,Veracruz de Ignacio de la Llave,89,Jáltipan,38669
30,Veracruz de Ignacio de la Llave,90,Jamapa,11132
30,Veracruz de Ignacio de la Llave,91,Jesús Carranza,28524
30,Veracruz de Ignacio de la Llave,92,Xico,39623
30,Veracruz de Ignacio de la Llave,93,Jilotepec,16585
30,Veracruz de Ignacio de la Llave,94,Juan Rodríguez Clara,38367
30,Veracruz de Ignacio de la Llave,95,Juchique de Ferrer,15059
30,Veracruz de Ignacio de la Llave,96,Landero y Coss,1543
30,Veracruz de Ignacio de la Llave,97,Lerdo de Tejada,19123
30,Veracruz de Ignacio de la Llave,98,Magdalena,3299
30,Veracruz de Ignacio de la Llave,99,Maltrata,18327
30,Veracruz de Ignacio de la Llave,100,Manlio Fabio Altamirano,23918
30,Veracruz de Ignacio de la Llave,101,Mariano Escobedo,38670
30,Veracruz de Ignacio de la Llave,102,Martínez de la Torre,108842
30,Veracruz de Ignacio de la Llave,103,Mecatlán,12799
30,Veracruz de Ignacio de la Llave,104,Mecayapan,17134
30,Veracruz de Ignacio de la Llave,105,Medellín de Bravo,95202
30,Veracruz de Ignacio de la Llave,106,Miahuatlán,4841
30,Veracruz de Ignacio de la Llave,107,Las Minas,2934
30,Veracruz de Ignacio de la Llave,108,Minatitlán,144776
30,Veracruz de Ignacio de la Llave,109,Misantla,65761
30,Veracruz de Ignacio de la Llave,110,Mixtla de Altamirano,12125
30,Veracruz de Ignacio de la Llave,111,Moloacán,16493
30,Veracruz de Ignacio de la Llave,112,Naolinco,22835
30,Veracruz de Ignacio de la Llave,113,Naranjal,4614
30,Veracruz de Ignacio de la Llave,114,Nautla,10130
30,Veracruz de Ignacio de la Llave,115,Nogales,37314
30,Veracruz de Ignacio de la Llave,116,Oluta,17027
30,Veracruz de Ignacio de la Llave,117,Omealca,23773
30,Veracruz de Ignacio de la Llave,118,Orizaba,123182
30,Veracruz de Ignacio de la Llave,119,Otatitlán,5651
30,Veracruz de Ignacio de la Llave,120,Oteapan,10343
30,Veracruz de Ignacio de la Llave,121,Ozuluama de Mascareñas,22756
30,Veracruz de Ignacio de la Llave,122,Pajapan,18051
30,Veracruz de Ignacio de la Llave,123,Pánuco,96185
30,Veracruz de Ignacio de la Llave,124,Papantla,159910
30,Veracruz de Ignacio de la Llave,125,Paso del Macho,31894
30,Veracruz de Ignacio de la Llave,126,Paso de Ovejas,33442
30,Veracruz de Ignacio de la Llave,127,La Perla,28258
30,Veracruz de Ignacio de la Llave,128,Perote,77432
30,Veracruz de Ignacio de la Llave,129,Platón Sánchez,18053
30,Veracruz de Ignacio de la Llave,130,Playa Vicente,39327
30,Veracruz de Ignacio de la Llave,131,Poza Rica de Hidalgo,189457
30,Veracruz de Ignacio de la Llave,132,Las Vigas de Ramírez,20300
30,Veracruz de Ignacio de la Llave,133,Pueblo Viejo,57909
30,Veracruz de Ignacio de la Llave,134,Puente Nacional,23544
30,Veracruz de Ignacio de la Llave,135,Rafael Delgado,24127
30,Veracruz de Ignacio de la Llave,136,Rafael Lucio,8343
30,Veracruz de Ignacio de la Llave,137,Los Reyes,6308
30,Veracruz de Ignacio de la Llave,138,Río Blanco,41795
30,Veracruz de Ignacio de la Llave,139,Saltabarranca,6126
30,Veracruz de Ignacio de la Llave,140,San Andrés Tenejapan,3134
30,Veracruz de Ignacio de la Llave,141,San Andrés Tuxtla,162428
30,Veracruz de Ignacio de la Llave,142,San Juan Evangelista,32631
30,Veracruz de Ignacio de la Llave,143,Santiago Tuxtla,57085
30,Veracruz de Ignacio de la Llave,144,Sayula de Alemán,32400
30,Veracruz de Ignacio de la Llave,145,Soconusco,16574
30,Veracruz de Ignacio de la Llave,146,Sochiapa,3925
30,Veracruz de Ignacio de la Llave,147,Soledad Atzompa,24578
30,Veracruz de Ignacio de la Llave,148,Soledad de Doblado,28130
30,Veracruz de Ignacio de la Llave,149,Soteapan,34385
30,Veracruz de Ignacio de la Llave,150,Tamalín,11631
30,Veracruz de Ignacio de la Llave,151,Tamiahua,21902
30,Veracruz de Ignacio de la Llave,152,Tampico Alto,11561
30,Veracruz de Ignacio de la Llave,153,Tancoco,5795
30,Veracruz de Ignacio de la Llave,154,Tantima,11991
30,Veracruz de Ignacio de la Llave,155,Tantoyuca,99959
30,Veracruz de Ignacio de la Llave,156,Tatatila,6041
30,Veracruz de Ignacio de la Llave,157,Castillo de Teayo,20145
30,Veracruz de Ignacio de la Llave,158,Tecolutla,24551
30,Veracruz de Ignacio de la Llave,159,Tehuipango,29686
30,Veracruz de Ignacio de la Llave,160,Álamo Temapache,107270
30,Veracruz de Ignacio de la Llave,161,Tempoal,34408
30,Veracruz de Ignacio de la Llave,162,Tenampa,6448
30,Veracruz de Ignacio de la Llave,163,Tenochtitlán,5040
30,Veracruz de Ignacio de la Llave,164,Teocelo,16957
30,Veracruz de Ignacio de la Llave,165,Tepatlaxco,8925
30,Veracruz de Ignacio de la Llave,166,Tepetlán,9405
30,Veracruz de Ignacio de la Llave,167,Tepetzintla,14619
30,Veracruz de Ignacio de la Llave,168,Tequila,16343
30,Veracruz de Ignacio de la Llave,169,José Azueta,22709
30,Veracruz de Ignacio de la Llave,170,Texcatepec,10824
30,Veracruz de Ignacio de la Llave,171,Texhuacán,5575
30,Veracruz de Ignacio de la Llave,172,Texistepec,19925
30,Veracruz de Ignacio de la Llave,173,Tezonapa,54537
30,Veracruz de Ignacio de la Llave,174,Tierra Blanca,95602
30,Veracruz de Ignacio de la Llave,175,Tihuatlán,92726
30,Veracruz de Ignacio de la Llave,176,Tlacojalpan,4489
30,Veracruz de Ignacio de la Llave,177,Tlacolulan,11685
30,Veracruz de Ignacio de la Llave,178,Tlacotalpan,12898
30,Veracruz de Ignacio de la Llave,179,Tlacotepec de Mejía,4284
30,Veracruz de Ignacio de la Llave,180,Tlachichilco,10900
30,Veracruz de Ignacio de la Llave,181,Tlalixcoyan,37795
30,Veracruz de Ignacio de la Llave,182,Tlalnelhuayocan,19664
30,Veracruz de Ignacio de la Llave,183,Tlapacoyan,61377
30,Veracruz de Ignacio de la Llave,184,Tlaquilpa,7933
30,Veracruz de Ignacio de la Llave,185,Tlilapan,5548
30,Veracruz de Ignacio de la Llave,186,Tomatlán,7197
30,Veracruz de Ignacio de la Llave,187,Tonayán,6105
30,Veracruz de Ignacio de la Llave,188,Totutla,17217
30,Veracruz de Ignacio de la Llave,189,Tuxpan,154600
30,Veracruz de Ignacio de la Llave,190,Tuxtilla,2258
30,Veracruz de Ignacio de la Llave,191,Ursulo Galván,30097
30,Veracruz de Ignacio de la Llave,192,Vega de Alatorre,20204
30,Veracruz de Ignacio de la Llave,193,Veracruz,607209
30,Veracruz de Ignacio de la Llave,194,Villa Aldama,12492
30,Veracruz de Ignacio de la Llave,195,Xoxocotla,5900
30,Veracruz de Ignacio de la Llave,196,Yanga,17902
30,Veracruz de Ignacio de la Llave,197,Yecuatla,11205
30,Veracruz de Ignacio de la Llave,198,Zacualpan,6788
30,Veracruz de Ignacio de la Llave,199,Zaragoza,11899
30,Veracruz de Ignacio de la Llave,200,Zentla,12581
30,Veracruz de Ignacio de la Llave,201,Zongolica,45028
30,Veracruz de Ignacio de la Llave,202,Zontecomatlán de López y Fuentes,14644
30,Veracruz de Ignacio de la Llave,203,Zozocolco de Hidalgo,14524
30,Veracruz de Ignacio de la Llave,204,Agua Dulce,44104
30,Veracruz de Ignacio de la Llave,205,El Higo,19402
30,Veracruz de Ignacio de la Llave,206,Nanchital de Lázaro Cárdenas del Río,29209
30,Veracruz de Ignacio de la Llave,207,Tres Valles,44978
30,Veracruz de Ignacio de la Llave,208,Carlos A. Carrillo,23376
30,Veracruz de Ignacio de la Llave,209,Tatahuicapan de Juárez,15044
30,Veracruz de Ignacio de la Llave,210,Uxpanapa,30891
30,Veracruz de Ignacio de la Llave,211,San Rafael,30351
30,Veracruz de Ignacio de la Llave,212,Santiago Sochiapan,13062
31,Yucatán,1,Abalá,6550
31,Yucatán,2,Acanceh,16772
31,Yucatán,3,Akil,12285
31,Yucatán,4,Baca,6195
31,Yucatán,5,Bokobá,2167
31,Yucatán,6,Buctzotz,9159
31,Yucatán,7,Cacalchén,7490
31,Yucatán,8,Calotmul,3949
31,Yucatán,9,Cansahcab,4466
31,Yucatán,10,Cantamayec,2755
31,Yucatán,11,Celestún,8389
31,Yucatán,12,Cenotillo,3736
31,Yucatán,13,Conkal,16671
31,Yucatán,14,Cuncunul,1714
31,Yucatán,15,Cuzamá,5560
31,Yucatán,16,Chacsinkín,3104
31,Yucatán,17,Chankom,4686
31,Yucatán,18,Chapab,3385
31,Yucatán,19,Chemax,38934
31,Yucatán,20,Chicxulub Pueblo,4497
31,Yucatán,21,Chichimilá,9406
31,Yucatán,22,Chikindzonot,4363
31,Yucatán,23,Chocholá,4863
31,Yucatán,24,Chumayel,3244
31,Yucatán,25,Dzán,6003
31,Yucatán,26,Dzemul,3622
31,Yucatán,27,Dzidzantún,8345
31,Yucatán,28,Dzilam de Bravo,2936
31,Yucatán,29,Dzilam González,6240
31,Yucatán,30,Dzitás,4015
31,Yucatán,31,Dzoncauich,2818
31,Yucatán,32,Espita,16779
31,Yucatán,33,Halachó,21255
31,Yucatán,34,Hocabá,6514
31,Yucatán,35,Hoctún,6384
31,Yucatán,36,Homún,8090
31,Yucatán,37,Huhí,5250
31,Yucatán,38,Hunucmá,35137
31,Yucatán,39,Ixil,4186
31,Yucatán,40,Izamal,28555
31,Yucatán,41,Kanasín,141939
31,Yucatán,42,Kantunil,5553
31,Yucatán,43,Kaua,3405
31,Yucatán,44,Kinchil,7530
31,Yucatán,45,Kopomá,2677
31,Yucatán,46,Mama,3296
31,Yucatán,47,Maní,5968
31,Yucatán,48,Maxcanú,23991
31,Yucatán,49,Mayapán,3965
31,Yucatán,50,Mérida,995129
31,Yucatán,51,Mocochá,3430
31,Yucatán,52,Motul,37804
31,Yucatán,53,Muna,13494
31,Yucatán,54,Muxupip,2990
31,Yucatán,55,Opichén,7080
31,Yucatán,56,Oxkutzcab,33854
31,Yucatán,57,Panabá,7766
31,Yucatán,58,Peto,25954
31,Yucatán,59,Progreso,66008
31,Yucatán,60,Quintana Roo,976
31,Yucatán,61,Río Lagartos,3974
31,Yucatán,62,Sacalum,4962
31,Yucatán,63,Samahil,5631
31,Yucatán,64,Sanahcat,1701
31,Yucatán,65,San Felipe,2118
31,Yucatán,66,Santa Elena,4220
31,Yucatán,67,Seyé,10053
31,Yucatán,68,Sinanché,3206
31,Yucatán,69,Sotuta,8967
31,Yucatán,70,Sucilá,3971
31,Yucatán,71,Sudzal,1949
31,Yucatán,72,Suma,1857
31,Yucatán,73,Tahdziú,5854
31,Yucatán,74,Tahmek,3774
31,Yucatán,75,Teabo,6921
31,Yucatán,76,Tecoh,17939
31,Yucatán,77,Tekal de Venegas,2683
31,Yucatán,78,Tekantó,3747
31,Yucatán,79,Tekax,45062
31,Yucatán,80,Tekit,11020
31,Yucatán,81,Tekom,3355
31,Yucatán,82,Telchac Pueblo,3512
31,Yucatán,83,Telchac Puerto,1915
31,Yucatán,84,Temax,7037
31,Yucatán,85,Temozón,16680
31,Yucatán,86,Tepakán,2133
31,Yucatán,87,Tetiz,5464
31,Yucatán,88,Teya,1917
31,Yucatán,89,Ticul,40495
31,Yucatán,90,Timucuy,7503
31,Yucatán,91,Tinum,12700
31,Yucatán,92,Tixcacalcupul,7888
31,Yucatán,93,Tixkokob,18420
31,Yucatán,94,Tixmehuac,5444
31,Yucatán,95,Tixpéhual,5690
31,Yucatán,96,Tizimín,80672
31,Yucatán,97,Tunkás,3684
31,Yucatán,98,Tzucacab,15346
31,Yucatán,99,Uayma,4191
31,Yucatán,100,Ucú,4049
31,Yucatán,101,Umán,69147
31,Yucatán,102,Valladolid,85460
31,Yucatán,103,Xocchel,3451
31,Yucatán,104,Yaxcabá,16350
31,Yucatán,105,Yaxkukul,3293
31,Yucatán,106,Yobaín,2215
32,Zacatecas,1,Apozol,6260
32,Zacatecas,2,Apulco,4942
32,Zacatecas,3,Atolinga,2277
32,Zacatecas,4,Benito Juárez,4493
32,Zacatecas,5,Calera,45759
32,Zacatecas,6,Cañitas de Felipe Pescador,8255
32,Zacatecas,7,Concepción del Oro,12115
32,Zacatecas,8,Cuauhtémoc,13466
32,Zacatecas,9,Chalchihuites,10086
32,Zacatecas,10,Fresnillo,240532
32,Zacatecas,11,Trinidad García de la Cadena,3362
32,Zacatecas,12,Genaro Codina,8168
32,Zacatecas,13,General Enrique Estrada,6644
32,Zacatecas,14,General Francisco R. Murguía,20191
32,Zacatecas,15,El Plateado de Joaquín Amaro,1579
32,Zacatecas,16,General Pánfilo Natera,23526
32,Zacatecas,17,Guadalupe,211740
32,Zacatecas,18,Huanusco,4547
32,Zacatecas,19,Jalpa,25296
32,Zacatecas,20,Jerez,59910
32,Zacatecas,21,Jiménez del Teul,4465
32,Zacatecas,22,Juan Aldama,19749
32,Zacatecas,23,Juchipila,12251
32,Zacatecas,24,Loreto,53709
32,Zacatecas,25,Luis Moya,13184
32,Zacatecas,26,Mazapil,17774
32,Zacatecas,27,Melchor Ocampo,2736
32,Zacatecas,28,Mezquital del Oro,2451
32,Zacatecas,29,Miguel Auza,23713
32,Zacatecas,30,Momax,2446
32,Zacatecas,31,Monte Escobedo,8683
32,Zacatecas,32,Morelos,13207
32,Zacatecas,33,Moyahua de Estrada,4530
32,Zacatecas,34,Nochistlán de Mejía,27945
32,Zacatecas,35,Noria de Ángeles,16284
32,Zacatecas,36,Ojocaliente,44144
32,Zacatecas,37,Pánuco,17577
32,Zacatecas,38,Pinos,72241
32,Zacatecas,39,Río Grande,64535
32,Zacatecas,40,Sain Alto,21844
32,Zacatecas,41,El Salvador,2509
32,Zacatecas,42,Sombrerete,63665
32,Zacatecas,43,Susticacán,1365
32,Zacatecas,44,Tabasco,16588
32,Zacatecas,45,Tepechitlán,8321
32,Zacatecas,46,Tepetongo,6490
32,Zacatecas,47,Teúl de González Ortega,5356
32,Zacatecas,48,Tlaltenango de Sánchez Román,27302
32,Zacatecas,49,Valparaíso,32461
32,Zacatecas,50,Vetagrande,10276
32,Zacatecas,51,Villa de Cos,34623
32,Zacatecas,52,Villa García,19525
32,Zacatecas,53,Villa González Ortega,13208
32,Zacatecas,54,Villa Hidalgo,19446
32,Zacatecas,55,Villanueva,31558
32,Zacatecas,56,Zacatecas,149607
32,Zacatecas,57,Trancoso,20455
32,Zacatecas,58,Santa María de la Paz,2767
